0,0,1.837e-17,0,0,0,0,0,0,-0,0
0.05,0,1.837e-17,0,0,0,0,0,0,-0,0
0.1,3.8155e-07,0.0079111,5.9534e-07,0.0058177,1.194e-05,0.18883,-7.1262e-07,-0.0069781,-1.4149e-05,-0.22561
0.15,3.89e-07,0.01745,5.9698e-07,0.012878,-1.2748e-10,0.11139,-6.9335e-07,-0.015242,6.3186e-07,-0.12558
0.2,4.015e-07,0.022521,5.9698e-07,0.016752,-1.1962e-10,0.056031,-6.5171e-07,-0.019231,1.0293e-06,-0.048607
0.25,4.1979e-07,0.025184,5.9697e-07,0.018982,-1.0842e-10,0.037545,-5.9072e-07,-0.020673,1.3957e-06,-0.0145
0.3,4.4322e-07,0.02703,5.9697e-07,0.020745,-9.4054e-11,0.033799,-5.126e-07,-0.020953,1.7213e-06,0.0023294
0.35,4.7116e-07,0.028585,5.9696e-07,0.022429,-7.6904e-11,0.03363,-4.1944e-07,-0.020521,1.996e-06,0.014794
0.4,5.0279e-07,0.029966,5.9696e-07,0.02412,-5.7492e-11,0.033932,-3.1397e-07,-0.01949,2.2113e-06,0.026245
0.45,5.3718e-07,0.0312,5.9696e-07,0.025829,-3.6391e-11,0.034369,-1.9928e-07,-0.017905,2.361e-06,0.036746
0.5,5.7327e-07,0.032315,5.9696e-07,0.027566,-1.4257e-11,0.035016,-7.8951e-08,-0.015834,2.4417e-06,0.045914
0.55,6.1004e-07,0.033346,5.9696e-07,0.029344,8.288e-12,0.035936,4.3631e-08,-0.013341,2.4492e-06,0.053378
0.6,6.4638e-07,0.034331,5.9696e-07,0.031174,3.0558e-11,0.037055,1.6474e-07,-0.010525,2.3855e-06,0.059037
0.65,6.8123e-07,0.035307,5.9696e-07,0.033064,5.1913e-11,0.038335,2.8091e-07,-0.0074777,2.252e-06,0.062777
0.7,7.1353e-07,0.036308,5.9696e-07,0.035021,7.1693e-11,0.039662,3.8856e-07,-0.0042905,2.0516e-06,0.064588
0.75,7.4245e-07,0.037361,5.9697e-07,0.037042,8.939e-11,0.04098,4.8493e-07,-0.0010612,1.7925e-06,0.064555
0.8,7.6706e-07,0.038491,5.9697e-07,0.039127,1.0444e-10,0.04222,5.6697e-07,0.0021217,1.4807e-06,0.062717
0.85,7.8665e-07,0.039718,5.9698e-07,0.04127,1.164e-10,0.043309,6.3225e-07,0.0051712,1.1255e-06,0.059218
0.9,8.0063e-07,0.041058,5.9698e-07,0.04346,1.2492e-10,0.044183,6.7885e-07,0.0080086,7.3736e-07,0.054236
0.95,8.0848e-07,0.04252,5.9699e-07,0.045687,1.2967e-10,0.044788,7.0501e-07,0.010558,3.2759e-07,0.047955
1,8.1026e-07,0.044101,5.9699e-07,0.047935,1.307e-10,0.045088,7.1094e-07,0.012778,-9.1029e-08,0.040673
1.05,8.0552e-07,0.045811,5.97e-07,0.050189,1.2774e-10,0.045116,6.9513e-07,0.014595,-5.0611e-07,0.032487
1.1,7.949e-07,0.047631,5.9701e-07,0.052433,1.2117e-10,0.044743,6.5971e-07,0.016008,-9.0611e-07,0.023875
1.15,7.7847e-07,0.049557,5.9701e-07,0.054651,1.1105e-10,0.044122,6.0493e-07,0.016982,-1.2793e-06,0.014861
1.2,7.5665e-07,0.051578,5.9702e-07,0.056827,9.7638e-11,0.043153,5.3219e-07,0.017499,-1.6141e-06,0.0058254
1.25,7.3022e-07,0.053672,5.9702e-07,0.058945,8.1402e-11,0.041821,4.4406e-07,0.017577,-1.9015e-06,-0.0029392
1.3,6.9987e-07,0.055822,5.9703e-07,0.060988,6.2768e-11,0.040252,3.4285e-07,0.017223,-2.1323e-06,-0.01133
1.35,6.6654e-07,0.058004,5.9703e-07,0.062945,4.2323e-11,0.038379,2.3174e-07,0.016471,-2.3007e-06,-0.019026
1.4,6.312e-07,0.060196,5.9703e-07,0.064803,2.0647e-11,0.036314,1.139e-07,0.015355,-2.4015e-06,-0.025935
1.45,5.9487e-07,0.062376,5.9703e-07,0.066552,-1.627e-12,0.034069,-7.2207e-09,0.013919,-2.4317e-06,-0.031871
1.5,5.5862e-07,0.06452,5.9703e-07,0.068184,-2.3842e-11,0.031687,-1.2806e-07,0.012213,-2.3903e-06,-0.036708
1.55,5.2351e-07,0.066607,5.9703e-07,0.069696,-4.5346e-11,0.02922,-2.4507e-07,0.010295,-2.2787e-06,-0.040372
1.6,4.9059e-07,0.068615,5.9703e-07,0.071083,-6.5506e-11,0.02672,-3.548e-07,0.0082242,-2.1001e-06,-0.042814
1.65,4.6081e-07,0.070527,5.9702e-07,0.072345,-8.3727e-11,0.024241,-4.5404e-07,0.0060618,-1.8599e-06,-0.044028
1.7,4.3506e-07,0.072325,5.9702e-07,0.073486,-9.9477e-11,0.021822,-5.3988e-07,0.0038689,-1.5652e-06,-0.044027
1.75,4.1408e-07,0.073997,5.9701e-07,0.074508,-1.1229e-10,0.019509,-6.0979e-07,0.0017045,-1.2246e-06,-0.042867
1.8,3.9849e-07,0.075533,5.9701e-07,0.07542,-1.2179e-10,0.017343,-6.6172e-07,-0.00037538,-8.4813e-07,-0.040629
1.85,3.8877e-07,0.076924,5.97e-07,0.076228,-1.277e-10,0.015367,-6.941e-07,-0.0023194,-4.4696e-07,-0.037428
1.9,3.8524e-07,0.078168,5.9699e-07,0.076943,-1.298e-10,0.013605,-7.0585e-07,-0.0040807,-3.2916e-08,-0.033381
1.95,3.8788e-07,0.079265,5.9699e-07,0.077577,-1.2813e-10,0.012038,-6.9705e-07,-0.0056241,3.816e-07,-0.028606
2,3.9671e-07,0.080216,5.9698e-07,0.078141,-1.2266e-10,0.010767,-6.6759e-07,-0.0069152,7.8443e-07,-0.023346
2.05,4.1135e-07,0.08103,5.9698e-07,0.078648,-1.1364e-10,0.0097285,-6.1877e-07,-0.0079371,1.1642e-06,-0.017694
2.1,4.3144e-07,0.081714,5.9697e-07,0.079112,-1.0127e-10,0.0089521,-5.5177e-07,-0.0086722,1.5094e-06,-0.011842
2.15,4.5642e-07,0.082278,5.9697e-07,0.079544,-8.5927e-11,0.0084388,-4.685e-07,-0.0091126,1.8096e-06,-0.0059603
2.2,4.8576e-07,0.08273,5.9696e-07,0.079958,-6.7913e-11,0.0081854,-3.7068e-07,-0.0092404,2.0516e-06,-0.00022108
2.25,5.1803e-07,0.083097,5.9696e-07,0.080365,-4.8113e-11,0.0081097,-2.6311e-07,-0.0091077,2.2366e-06,0.0052896
2.3,5.5255e-07,0.083389,5.9696e-07,0.080775,-2.6939e-11,0.0082919,-1.4802e-07,-0.0087135,2.3559e-06,0.010329
2.35,5.8833e-07,0.083624,5.9696e-07,0.0812,-5.003e-12,0.0086481,-2.8753e-08,-0.0080812,2.406e-06,0.014851
2.4,6.2434e-07,0.083818,5.9696e-07,0.081647,1.7065e-11,0.0091376,9.1275e-08,-0.0072391,2.3857e-06,0.018777
2.45,6.5951e-07,0.083987,5.9696e-07,0.082121,3.8615e-11,0.0097407,2.0853e-07,-0.006219,2.2956e-06,0.022016
2.5,6.9285e-07,0.084145,5.9696e-07,0.082628,5.9025e-11,0.010428,3.1962e-07,-0.0050565,2.1382e-06,0.02451
2.55,7.2333e-07,0.084308,5.9696e-07,0.083171,7.7684e-11,0.011176,4.2123e-07,-0.0037891,1.9181e-06,0.02621
2.6,7.5009e-07,0.084489,5.9697e-07,0.083752,9.4053e-11,0.011944,5.1042e-07,-0.0024567,1.6417e-06,0.027118
2.65,7.7232e-07,0.084701,5.9697e-07,0.084371,1.0764e-10,0.012711,5.845e-07,-0.0010987,1.3173e-06,0.02723
2.7,7.8939e-07,0.084954,5.9698e-07,0.085028,1.1805e-10,0.013435,6.4136e-07,0.00024618,9.5439e-07,0.026595
2.75,8.0078e-07,0.085255,5.9698e-07,0.085718,1.2498e-10,0.01409,6.7932e-07,0.0015419,5.637e-07,0.025263
2.8,8.0618e-07,0.085612,5.9699e-07,0.086439,1.2824e-10,0.014654,6.9729e-07,0.0027553,1.5671e-07,0.023299
2.85,8.0542e-07,0.086027,5.97e-07,0.087184,1.2772e-10,0.015108,6.9474e-07,0.0038568,-2.5459e-07,0.020784
2.9,7.9836e-07,0.086504,5.97e-07,0.087949,1.2334e-10,0.015431,6.712e-07,0.0048168,-6.5756e-07,0.017803
2.95,7.8545e-07,0.08704,5.9701e-07,0.088726,1.1538e-10,0.015615,6.2815e-07,0.0056201,-1.0404e-06,0.014477
3,7.6711e-07,0.087632,5.9702e-07,0.089508,1.0409e-10,0.015662,5.67e-07,0.0062535,-1.3926e-06,0.0109
3.05,7.4357e-07,0.08828,5.9702e-07,0.090288,8.9627e-11,0.015579,4.8852e-07,0.0066946,-1.7009e-06,0.0071518
3.1,7.1604e-07,0.088971,5.9702e-07,0.091059,7.2719e-11,0.015302,3.9673e-07,0.0069605,-1.9613e-06,0.003448
3.15,6.8504e-07,0.089701,5.9703e-07,0.091814,5.369e-11,0.014949,2.9337e-07,0.0070412,-2.1639e-06,-0.00026619
3.2,6.5146e-07,0.090464,5.9703e-07,0.092547,3.3095e-11,0.014459,1.8145e-07,0.0069411,-2.3029e-06,-0.0038064
3.25,6.1627e-07,0.091253,5.9703e-07,0.09325,1.1512e-11,0.013876,6.4122e-08,0.0066574,-2.3687e-06,-0.0071086
3.3,5.8066e-07,0.092051,5.9703e-07,0.093919,-1.0311e-11,0.013095,-5.4558e-08,0.0062274,-2.3672e-06,-0.0099617
3.35,5.4572e-07,0.09285,5.9703e-07,0.094547,-3.1719e-11,0.012304,-1.7102e-07,0.0056579,-2.2933e-06,-0.012488
3.4,5.1241e-07,0.093639,5.9703e-07,0.095133,-5.2121e-11,0.011414,-2.8205e-07,0.0049794,-2.1541e-06,-0.014529
3.45,4.816e-07,0.094411,5.9702e-07,0.095675,-7.0984e-11,0.01048,-3.8475e-07,0.0042147,-1.9545e-06,-0.016104
3.5,4.5428e-07,0.095158,5.9702e-07,0.096172,-8.7696e-11,0.0096008,-4.7579e-07,0.0033811,-1.6972e-06,-0.017264
3.55,4.3121e-07,0.095872,5.9702e-07,0.096623,-1.018e-10,0.0086776,-5.5268e-07,0.0025046,-1.391e-06,-0.017867
3.6,4.1316e-07,0.096546,5.9701e-07,0.097029,-1.1282e-10,0.0077929,-6.1282e-07,0.0016109,-1.044e-06,-0.017982
3.65,4.0067e-07,0.097172,5.97e-07,0.09739,-1.2043e-10,0.006921,-6.5444e-07,0.00072594,-6.6731e-07,-0.017579
3.7,3.9404e-07,0.097746,5.97e-07,0.097708,-1.2445e-10,0.0060964,-6.7654e-07,-0.0001258,-2.7264e-07,-0.016718
3.75,3.9296e-07,0.098268,5.9699e-07,0.09799,-1.2506e-10,0.0053065,-6.8012e-07,-0.00092729,1.2834e-07,-0.015447
3.8,3.9789e-07,0.098735,5.9699e-07,0.098237,-1.2199e-10,0.0046754,-6.6366e-07,-0.0016593,5.2519e-07,-0.013914
3.85,4.0865e-07,0.099147,5.9698e-07,0.098455,-1.1535e-10,0.0041226,-6.2775e-07,-0.0023071,9.0641e-07,-0.012069
3.9,4.2499e-07,0.099504,5.9697e-07,0.098647,-1.0529e-10,0.0036501,-5.7328e-07,-0.0028554,1.2604e-06,-0.0099653
3.95,4.4634e-07,0.099807,5.9697e-07,0.098818,-9.2165e-11,0.0032667,-5.0211e-07,-0.0032947,1.5772e-06,-0.0076807
4,4.7234e-07,0.10006,5.9696e-07,0.098973,-7.6189e-11,0.0030086,-4.1541e-07,-0.00361,1.8438e-06,-0.0053117
4.05,5.0182e-07,0.10026,5.9696e-07,0.099117,-5.8097e-11,0.0028189,-3.1715e-07,-0.0038081,2.0565e-06,-0.0028826
4.1,5.3398e-07,0.10042,5.9696e-07,0.099256,-3.8364e-11,0.0027426,-2.0994e-07,-0.0038873,2.2084e-06,-0.00051301
4.15,5.6784e-07,0.10055,5.9696e-07,0.099394,-1.7594e-11,0.0027656,-9.7051e-08,-0.0038542,2.2967e-06,0.0017454
4.2,6.0249e-07,0.10065,5.9696e-07,0.099536,3.6467e-12,0.0028733,1.8445e-08,-0.0037021,2.3106e-06,0.0038366
4.25,6.3684e-07,0.10072,5.9696e-07,0.099685,2.4697e-11,0.0030537,1.3294e-07,-0.0034604,2.2627e-06,0.0057296
4.3,6.6995e-07,0.10078,5.9696e-07,0.099845,4.4979e-11,0.0033042,2.4329e-07,-0.003132,2.1497e-06,0.007369
4.35,7.0086e-07,0.10084,5.9696e-07,0.10002,6.391e-11,0.0035903,3.4634e-07,-0.0027278,1.9731e-06,0.0087467
4.4,7.2871e-07,0.10089,5.9697e-07,0.10021,8.095e-11,0.0039124,4.3913e-07,-0.0022632,1.7393e-06,0.0098251
4.45,7.5265e-07,0.10094,5.9697e-07,0.10041,9.5596e-11,0.0042554,5.1894e-07,-0.0017528,1.4549e-06,0.01059
4.5,7.7203e-07,0.101,5.9698e-07,0.10064,1.0743e-10,0.0046094,5.835e-07,-0.0012126,1.1282e-06,0.011032
4.55,7.8625e-07,0.10107,5.9698e-07,0.10088,1.1611e-10,0.0049607,6.3089e-07,-0.00065834,7.6878e-07,0.011155
4.6,7.9489e-07,0.10117,5.9699e-07,0.10113,1.2136e-10,0.0052959,6.5966e-07,-0.00010578,3.8703e-07,0.010969
4.65,7.9756e-07,0.10128,5.9699e-07,0.10141,1.2295e-10,0.0055997,6.6856e-07,0.00042963,-5.7732e-09,0.010492
4.7,7.9424e-07,0.10142,5.97e-07,0.1017,1.2087e-10,0.005867,6.5746e-07,0.00093349,-3.9731e-07,0.0097474
4.75,7.849e-07,0.10158,5.9701e-07,0.102,1.151e-10,0.0060893,6.2632e-07,0.0013916,-7.7472e-07,0.008763
4.8,7.7057e-07,0.10177,5.9701e-07,0.10231,1.0628e-10,0.006272,5.7854e-07,0.0018002,-1.1301e-06,0.0075952
4.85,7.5115e-07,0.10198,5.9702e-07,0.10262,9.433e-11,0.0064046,5.1377e-07,0.0021463,-1.4519e-06,0.0062652
4.9,7.269e-07,0.10222,5.9702e-07,0.10295,7.9431e-11,0.006469,4.3292e-07,0.0024175,-1.7268e-06,0.0048223
4.95,6.9922e-07,0.10248,5.9702e-07,0.10327,6.2442e-11,0.0064546,3.4067e-07,0.002621,-1.9536e-06,0.0033488
5,6.6856e-07,0.10277,5.9703e-07,0.10359,4.3622e-11,0.0064135,2.3844e-07,0.0027487,-2.1224e-06,0.0018095
5.05,6.3573e-07,0.10307,5.9703e-07,0.10391,2.3486e-11,0.0063087,1.29e-07,0.0027927,-2.2221e-06,0.00029475
5.1,6.0201e-07,0.10339,5.9703e-07,0.10422,2.8108e-12,0.0061064,1.6603e-08,0.002771,-2.2618e-06,-0.0011052
5.15,5.6825e-07,0.10371,5.9703e-07,0.10452,-1.7878e-11,0.0058998,-9.5912e-08,0.0026779,-2.2326e-06,-0.0024622
5.2,5.3543e-07,0.10405,5.9703e-07,0.1048,-3.7992e-11,0.0056165,-2.0533e-07,0.0025246,-2.1415e-06,-0.0036547
5.25,5.0446e-07,0.10438,5.9702e-07,0.10508,-5.6959e-11,0.0053459,-3.0855e-07,0.0023139,-1.9874e-06,-0.0047536
5.3,4.7625e-07,0.10472,5.9702e-07,0.10533,-7.4229e-11,0.005021,-4.0258e-07,0.0020539,-1.7757e-06,-0.0056475
5.35,4.5163e-07,0.10505,5.9702e-07,0.10557,-8.9292e-11,0.004687,-4.8463e-07,0.0017536,-1.5119e-06,-0.0063638
5.4,4.313e-07,0.10537,5.9701e-07,0.1058,-1.0172e-10,0.0043244,-5.5238e-07,0.0014233,-1.2044e-06,-0.0068594
5.45,0.0036797,0.11909,0.0057467,0.11586,0.20523,0.32454,-0.0068905,-0.010744,-0.2453,-0.38998
5.5,0.011041,0.14116,0.01714,0.13214,0.24538,0.32593,-0.020342,-0.030049,-0.2855,-0.37941
5.55,0.018697,0.15933,0.028702,0.14575,0.21991,0.2379,-0.033388,-0.045272,-0.23884,-0.25104
5.6,0.025809,0.17276,0.038941,0.15617,0.19295,0.18966,-0.043853,-0.055332,-0.18346,-0.16319
5.65,0.032582,0.18359,0.048045,0.16503,0.1735,0.16941,-0.051667,-0.061911,-0.13177,-0.10419
5.7,0.039292,0.19294,0.056343,0.17321,0.16008,0.15964,-0.056992,-0.065832,-0.083473,-0.054739
5.75,0.046134,0.20118,0.064075,0.18099,0.15026,0.15313,-0.059975,-0.067361,-0.037096,-0.0076486
5.8,0.053222,0.20846,0.071376,0.1885,0.14266,0.14849,-0.060686,-0.066582,0.0076969,0.037395
5.85,0.060618,0.21491,0.078335,0.19583,0.13642,0.14544,-0.059208,-0.063623,0.050604,0.079405
5.9,0.068349,0.22065,0.085008,0.20306,0.13116,0.14396,-0.055654,-0.058666,0.090841,0.11719
5.95,0.076414,0.22583,0.09144,0.21025,0.12668,0.1439,-0.050178,-0.051949,0.12744,0.14982
6,0.084788,0.2306,0.097667,0.21748,0.12289,0.145,-0.042983,-0.043747,0.15948,0.17665
6.05,0.093432,0.23509,0.10372,0.22478,0.11966,0.14696,-0.03432,-0.034366,0.18614,0.19725
6.1,0.10229,0.23944,0.10962,0.2322,0.11696,0.14953,-0.024472,-0.024123,0.20668,0.21133
6.15,0.11128,0.24376,0.11541,0.23976,0.11468,0.1524,-0.013757,-0.013344,0.22061,0.21882
6.2,0.12033,0.24817,0.12108,0.24747,0.11276,0.15534,-0.0025199,-0.0023588,0.22762,0.21981
6.25,0.12934,0.25276,0.12667,0.25531,0.11113,0.15808,0.0088895,0.0085189,0.22757,0.21456
6.3,0.13822,0.25758,0.13219,0.26328,0.10972,0.16041,0.020119,0.018991,0.22057,0.20351
6.35,0.14688,0.26271,0.13763,0.27135,0.10842,0.16211,0.030827,0.028785,0.20694,0.18724
6.4,0.15521,0.26818,0.14302,0.27948,0.10718,0.16302,0.040695,0.037657,0.18718,0.16644
6.45,0.16315,0.27401,0.14834,0.28762,0.1059,0.163,0.049431,0.0454,0.16198,0.14186
6.5,0.1706,0.28019,0.15359,0.29574,0.10451,0.16196,0.05679,0.051847,0.13217,0.11437
6.55,0.1775,0.28672,0.15877,0.30377,0.10296,0.15985,0.062564,0.056869,0.098698,0.084806
6.6,0.1838,0.29356,0.16387,0.31166,0.10119,0.15663,0.0666,0.060386,0.062623,0.054105
6.65,0.18945,0.30067,0.16887,0.31936,0.099166,0.15234,0.068795,0.062355,0.025023,0.023085
6.7,0.19442,0.30801,0.17376,0.32681,0.096878,0.14711,0.069042,0.06273,-0.012965,-0.0074835
6.75,0.19872,0.31548,0.17853,0.33397,0.094138,0.14051,0.067474,0.061671,-0.050002,-0.036196
6.8,0.20232,0.32303,0.18315,0.34077,0.091211,0.1335,0.064042,0.059161,-0.085258,-0.063305
6.85,0.20527,0.33059,0.18762,0.3472,0.087883,0.12533,0.058964,0.055409,-0.11754,-0.087211
6.9,0.2076,0.33806,0.19192,0.35321,0.084343,0.1169,0.052364,0.050531,-0.1461,-0.10825
6.95,0.20935,0.34538,0.19603,0.35878,0.080542,0.10799,0.044448,0.044696,-0.17003,-0.12554
7,0.21057,0.35247,0.19994,0.3639,0.076509,0.098737,0.035468,0.038105,-0.18866,-0.13875
7.05,0.21136,0.35926,0.20365,0.36855,0.072294,0.089397,0.025705,0.030974,-0.2016,-0.14785
7.1,0.21178,0.36569,0.20715,0.37274,0.067965,0.080099,0.015445,0.023496,-0.20847,-0.15268
7.15,0.21193,0.3717,0.21043,0.37647,0.063589,0.071049,0.0049937,0.015882,-0.20915,-0.15335
7.2,0.21189,0.37726,0.21349,0.37976,0.059227,0.062378,-0.0053398,0.0083346,-0.20371,-0.15
7.25,0.21176,0.38231,0.21633,0.38263,0.054943,0.05422,-0.015254,0.0010467,-0.19238,-0.14288
7.3,0.21163,0.38685,0.21897,0.38511,0.050809,0.046704,-0.024453,-0.0058012,-0.17554,-0.13233
7.35,0.21159,0.39086,0.2214,0.38724,0.046859,0.039896,-0.032695,-0.012055,-0.15383,-0.1188
7.4,0.21172,0.39433,0.22364,0.38906,0.043172,0.033933,-0.039742,-0.017576,-0.12792,-0.10282
7.45,0.21209,0.39728,0.22571,0.3906,0.039793,0.028837,-0.045407,-0.022254,-0.098651,-0.08488
7.5,0.21276,0.39972,0.22761,0.39192,0.036771,0.024671,-0.049541,-0.026003,-0.066929,-0.065583
7.55,0.21378,0.40168,0.22938,0.39305,0.034128,0.021396,-0.05205,-0.028769,-0.033724,-0.045449
7.6,0.21517,0.40321,0.23102,0.39405,0.031903,0.019055,-0.052877,-0.030519,-5.0572e-05,-0.025111
7.65,0.21698,0.40433,0.23257,0.39496,0.030099,0.017566,-0.052017,-0.031252,0.033081,-0.0050737
7.7,0.21921,0.4051,0.23403,0.39582,0.028757,0.016921,-0.049446,-0.030948,0.064525,0.014052
7.75,0.2218,0.4056,0.23544,0.39666,0.027686,0.016965,-0.045471,-0.029791,0.093802,0.03192
7.8,0.22478,0.40587,0.2368,0.39753,0.027118,0.017725,-0.040116,-0.027787,0.11971,0.047992
7.85,0.22809,0.40597,0.23815,0.39846,0.026914,0.019018,-0.033563,-0.025033,0.14166,0.062017
7.9,0.2317,0.40595,0.2395,0.39946,0.027018,0.020741,-0.026016,-0.021635,0.15902,0.073685
7.95,0.23554,0.40588,0.24086,0.40056,0.027373,0.022815,-0.017732,-0.017727,0.17145,0.082793
8,0.23955,0.4058,0.24224,0.40177,0.027952,0.025117,-0.0089574,-0.013433,0.17856,0.089198
8.05,0.24367,0.40576,0.24366,0.4031,0.028707,0.027535,3.5355e-05,-0.0088886,0.18017,0.092825
8.1,0.2478,0.40582,0.24511,0.40455,0.029573,0.029953,0.00897,-0.0042322,0.17634,0.093724
8.15,0.25189,0.40599,0.24662,0.40611,0.030485,0.032272,0.017581,0.00040349,0.16729,0.092
8.2,0.25585,0.40632,0.24816,0.40779,0.031388,0.034398,0.025617,0.0048939,0.15338,0.087827
8.25,0.2596,0.40683,0.24975,0.40956,0.032227,0.036225,0.032846,0.0091227,0.13503,0.081437
8.3,0.2631,0.40752,0.25138,0.41142,0.032922,0.037714,0.039057,0.012985,0.1129,0.073063
8.35,0.26626,0.40842,0.25304,0.41333,0.033452,0.038786,0.044079,0.016389,0.087656,0.063046
8.4,0.26905,0.40951,0.25472,0.41529,0.03376,0.039405,0.047781,0.019263,0.060126,0.051729
8.45,0.27142,0.4108,0.25641,0.41726,0.033822,0.039545,0.050055,0.021544,0.031133,0.039462
8.5,0.27335,0.41227,0.2581,0.41923,0.033593,0.03918,0.050871,0.023203,0.0016045,0.026654
8.55,0.27482,0.4139,0.25976,0.42116,0.033085,0.038333,0.050216,0.024217,-0.027616,0.013643
8.6,0.2758,0.41567,0.26139,0.42304,0.032299,0.037066,0.048071,0.024558,-0.055615,0.00073436
8.65,0.27636,0.41755,0.26298,0.42483,0.031162,0.035203,0.044623,0.024294,-0.081558,-0.011465
8.7,0.27648,0.4195,0.2645,0.42653,0.029784,0.03307,0.039946,0.02344,-0.10481,-0.023004
8.75,0.2762,0.4215,0.26594,0.42811,0.028148,0.030565,0.034195,0.022041,-0.12466,-0.033427
8.8,0.27556,0.42351,0.2673,0.42955,0.026289,0.027784,0.02755,0.020157,-0.14059,-0.042543
8.85,0.27462,0.4255,0.26856,0.43085,0.024245,0.024781,0.020214,0.017857,-0.15215,-0.050147
8.9,0.27344,0.42743,0.26971,0.432,0.022056,0.02161,0.012416,0.01522,-0.15906,-0.056082
8.95,0.27207,0.42928,0.27075,0.43298,0.019772,0.018355,0.0043932,0.012332,-0.16117,-0.060275
9,0.27059,0.43101,0.27168,0.4338,0.017435,0.015074,-0.0036148,0.0092803,-0.1585,-0.062681
9.05,0.26908,0.43261,0.27249,0.43446,0.015108,0.011889,-0.011372,0.0061509,-0.15118,-0.063366
9.1,0.26759,0.43405,0.27318,0.43496,0.01284,0.0088102,-0.018653,0.0030296,-0.1395,-0.062325
9.15,0.26619,0.43531,0.27376,0.43531,0.01068,0.005912,-0.025247,-1.3967e-06,-0.12386,-0.059679
9.2,0.26495,0.43639,0.27424,0.43553,0.008673,0.0032502,-0.030972,-0.002866,-0.10477,-0.055572
9.25,0.26393,0.43727,0.27463,0.43562,0.0068617,0.0008775,-0.035672,-0.0054965,-0.082867,-0.050194
9.3,0.26318,0.43798,0.27493,0.43563,0.0053109,9.4673e-05,-0.039171,-0.0078557,-0.058779,-0.045199
9.35,0.26272,0.43862,0.27515,0.43563,0.0040006,9.0071e-05,-0.041455,-0.0099803,-0.033351,-0.039851
9.4,0.26259,0.43918,0.27532,0.43564,0.0029602,8.5794e-05,-0.042455,-0.01181,-0.0073098,-0.033344
9.45,0.26281,0.43962,0.27545,0.43564,0.0022212,8.2111e-05,-0.042139,-0.013285,0.018548,-0.025857
9.5,0.26339,0.43995,0.27555,0.43564,0.0017836,7.9188e-05,-0.040543,-0.014363,0.043438,-0.017621
9.55,0.2643,0.44016,0.27563,0.43565,0.0016314,7.7195e-05,-0.037779,-0.01503,0.066711,-0.0088965
9.6,0.26555,0.44023,0.27572,0.43565,0.0017782,7.6168e-05,-0.033895,-0.015249,0.087621,8.5222e-05
9.65,0.2671,0.44016,0.27582,0.43565,0.0021816,7.6076e-05,-0.029048,-0.015026,0.10566,0.0090554
9.7,0.26893,0.43997,0.27594,0.43566,0.0028287,7.6934e-05,-0.023378,-0.014358,0.12027,0.017751
9.75,0.27099,0.43964,0.27611,0.43566,0.003671,7.8719e-05,-0.017072,-0.013269,0.1311,0.025916
9.8,0.27322,0.43921,0.27632,0.43567,0.0046792,8.1353e-05,-0.010329,-0.011796,0.13791,0.033322
9.85,0.27558,0.43866,0.27658,0.43567,0.0058085,8.4733e-05,-0.0033492,-0.0099735,0.14046,0.039725
9.9,0.278,0.43803,0.2769,0.43568,0.0070131,8.8784e-05,0.0036489,-0.0078611,0.13878,0.044953
9.95,0.28043,0.43734,0.27729,0.43568,0.0082536,9.3326e-05,0.010458,-0.0055215,0.13301,0.048856
10,0.2828,0.43659,0.27773,0.43568,0.0094866,9.8216e-05,0.016883,-0.0030234,0.12337,0.051332
10.05,0.28506,0.43586,0.27824,0.43571,0.010667,0.00097589,0.022738,-0.00046816,0.11019,0.051262
10.1,0.28716,0.43521,0.2788,0.43581,0.011738,0.0025856,0.027856,0.0020204,0.093912,0.048813
10.15,0.28904,0.43468,0.27941,0.43599,0.01266,0.004177,0.032092,0.0043531,0.075059,0.044958
10.2,0.29066,0.4343,0.28007,0.43624,0.013409,0.0055373,0.035333,0.0064704,0.054219,0.040064
10.25,0.292,0.43405,0.28075,0.43655,0.013963,0.0066126,0.037492,0.0083248,0.032029,0.034336
10.3,0.29301,0.43394,0.28146,0.4369,0.014293,0.0074039,0.038516,0.0098774,0.0091805,0.027942
10.35,0.29368,0.43396,0.28218,0.43729,0.014378,0.007907,0.038363,0.011091,-0.013609,0.02106
10.4,0.29401,0.4341,0.28289,0.43769,0.014209,0.0081276,0.037086,0.011955,-0.035635,0.013914
10.45,0.29401,0.43435,0.28359,0.43809,0.013801,0.00806,0.034756,0.012467,-0.056289,0.0067261
10.5,0.2937,0.43469,0.28426,0.43848,0.013169,0.0077164,0.031461,0.012634,-0.075027,-0.00031721
10.55,0.29308,0.43511,0.2849,0.43885,0.012323,0.0071302,0.027291,0.01246,-0.091303,-0.007059
10.6,0.2922,0.4356,0.28549,0.43918,0.011282,0.0063177,0.022379,0.011963,-0.10465,-0.013322
10.65,0.29108,0.43612,0.28602,0.43947,0.010073,0.0053024,0.016882,0.011172,-0.11473,-0.018952
10.7,0.28978,0.43666,0.28649,0.4397,0.00873,0.0041227,0.010969,0.01012,-0.12127,-0.023831
10.75,0.28833,0.43721,0.28688,0.43987,0.0072903,0.0028185,0.004819,0.0088464,-0.12414,-0.027864
10.8,0.28679,0.43775,0.28721,0.43997,0.0057928,0.001414,-0.0013813,0.0073953,-0.12329,-0.030961
10.85,0.28522,0.43825,0.28746,0.43999,0.0042789,9.8028e-05,-0.007444,0.0058108,-0.11876,-0.033247
10.9,0.28367,0.43877,0.28763,0.44,0.0027918,9.44e-05,-0.013189,0.0040842,-0.11076,-0.036119
10.95,0.28219,0.43933,0.28773,0.44,0.0013605,9.0075e-05,-0.018459,0.0022412,-0.099621,-0.037939
11,0.28083,0.43991,0.28776,0.44001,9.702e-05,8.5468e-05,-0.023093,0.00033334,-0.085744,-0.038631
11.05,0.27966,0.44049,0.28777,0.44001,9.4981e-05,8.075e-05,-0.027017,-0.0015821,-0.070893,-0.038197
11.1,0.27873,0.44105,0.28777,0.44002,9.312e-05,7.6155e-05,-0.03014,-0.003449,-0.053965,-0.036635
11.15,0.27807,0.44158,0.28778,0.44002,9.1517e-05,7.1742e-05,-0.032372,-0.005212,-0.035468,-0.033996
11.2,0.27769,0.44207,0.28778,0.44002,9.0249e-05,6.7663e-05,-0.033653,-0.0068198,-0.015956,-0.030364
11.25,0.27761,0.44249,0.28779,0.44003,8.937e-05,6.4027e-05,-0.033926,-0.0082209,0.0040001,-0.025831
11.3,0.27784,0.44284,0.28779,0.44003,8.8926e-05,6.0882e-05,-0.033188,-0.0093734,0.023785,-0.020541
11.35,0.27836,0.4431,0.28779,0.44003,8.8909e-05,5.8349e-05,-0.031466,-0.010243,0.042795,-0.014658
11.4,0.27914,0.44328,0.2878,0.44003,8.9308e-05,5.6483e-05,-0.028873,-0.010825,0.060563,-0.0083829
11.45,0.28018,0.44336,0.2878,0.44004,9.0189e-05,5.5356e-05,-0.025417,-0.011081,0.076495,-0.0018631
11.5,0.28144,0.44335,0.28781,0.44004,9.1391e-05,5.4859e-05,-0.021237,-0.01102,0.090219,0.004702
11.55,0.28288,0.44323,0.28781,0.44004,9.3006e-05,5.5063e-05,-0.016432,-0.010632,0.10125,0.011121
11.6,0.28447,0.44303,0.28782,0.44005,9.4909e-05,5.5954e-05,-0.011151,-0.0099343,0.10932,0.017209
11.65,0.28616,0.44273,0.28782,0.44005,9.709e-05,5.7471e-05,-0.0055475,-0.0089464,0.11418,0.022788
11.7,0.28789,0.44236,0.28783,0.44005,9.9462e-05,5.9558e-05,0.00021572,-0.0076971,0.11568,0.027695
11.75,0.28963,0.44192,0.28784,0.44005,0.00049326,6.2142e-05,0.0059577,-0.0062224,0.11332,0.031784
11.8,0.29133,0.44143,0.28789,0.44006,0.0013455,6.5129e-05,0.011476,-0.0045638,0.10702,0.034919
11.85,0.29296,0.44089,0.28798,0.44006,0.002373,6.8449e-05,0.016592,-0.0027738,0.097387,0.037024
11.9,0.29448,0.44034,0.28813,0.44006,0.003432,7.1926e-05,0.021149,-0.00090501,0.084868,0.038036
11.95,0.29584,0.43977,0.28833,0.44007,0.0044303,7.5463e-05,0.025015,0.00098737,0.069947,0.037927
12,0.297,0.43922,0.28858,0.44007,0.0053114,7.8939e-05,0.028085,0.0028477,0.053143,0.036707
12.05,0.29794,0.43869,0.28886,0.44008,0.0060367,8.2228e-05,0.030274,0.004621,0.03499,0.034406
12.1,0.29865,0.4382,0.28918,0.44008,0.0065831,8.5243e-05,0.031555,0.0062595,0.016068,0.03112
12.15,0.29907,0.43777,0.28952,0.44009,0.0069289,8.7822e-05,0.031842,0.0077036,-0.0030695,0.02689
12.2,0.29923,0.43741,0.28987,0.44009,0.0070642,8.9986e-05,0.031219,0.0089281,-0.021837,0.021909
12.25,0.29912,0.43713,0.29022,0.44009,0.0069954,9.1514e-05,0.029666,0.0098854,-0.039691,0.016282
12.3,0.29873,0.43694,0.29056,0.4401,0.0067219,9.2441e-05,0.027212,0.010534,-0.056022,0.010168
12.35,0.2981,0.43684,0.29089,0.4401,0.0062519,9.2714e-05,0.024034,0.010889,-0.070521,0.0037899
12.4,0.29724,0.43683,0.29118,0.44011,0.0056026,9.2255e-05,0.020185,0.010922,-0.082709,-0.0026917
12.45,0.29618,0.43692,0.29144,0.44011,0.0047999,9.1131e-05,0.015795,0.010637,-0.092286,-0.0090867
12.5,0.29496,0.43711,0.29166,0.44012,0.0038673,8.9336e-05,0.011,0.010041,-0.099,-0.015209
12.55,0.29361,0.43738,0.29182,0.44012,0.0028331,8.6904e-05,0.005945,0.0091516,-0.10269,-0.020882
12.6,0.29217,0.43773,0.29193,0.44013,0.0017317,8.3894e-05,0.0007815,0.0079945,-0.10329,-0.025941
12.65,0.29069,0.43815,0.29199,0.44013,0.0006056,8.0356e-05,-0.0043326,0.0066005,-0.10079,-0.03022
12.7,0.28922,0.43863,0.292,0.44013,9.6319e-05,7.6379e-05,-0.0092525,0.005012,-0.096013,-0.033589
12.75,0.28784,0.43915,0.292,0.44014,9.4235e-05,7.2052e-05,-0.013895,0.0032833,-0.089116,-0.035993
12.8,0.28657,0.4397,0.29201,0.44014,9.2051e-05,6.7606e-05,-0.018126,0.0014595,-0.079607,-0.037338
12.85,0.28547,0.44027,0.29201,0.44014,9.0012e-05,6.3023e-05,-0.02182,-0.00040573,-0.067757,-0.03758
12.9,0.28456,0.44082,0.29202,0.44015,8.8177e-05,5.8437e-05,-0.024871,-0.0022574,-0.053934,-0.036722
12.95,0.28387,0.44136,0.29202,0.44015,8.6572e-05,5.4005e-05,-0.027185,-0.0040407,-0.038531,-0.03478
13,0.28342,0.44186,0.29203,0.44015,8.527e-05,4.9806e-05,-0.028699,-0.0057032,-0.022014,-0.031819
13.05,0.28322,0.44231,0.29203,0.44015,8.4288e-05,4.5979e-05,-0.02936,-0.0071946,-0.0048674,-0.02792
13.1,0.28329,0.4427,0.29203,0.44016,8.3668e-05,4.259e-05,-0.029161,-0.0084725,0.012396,-0.023208
13.15,0.28361,0.44301,0.29204,0.44016,8.3415e-05,3.9755e-05,-0.028099,-0.0094975,0.029263,-0.017819
13.2,0.28418,0.44323,0.29204,0.44016,8.3535e-05,3.7515e-05,-0.026231,-0.010247,0.045261,-0.011925
13.25,0.28497,0.44337,0.29205,0.44016,8.4045e-05,3.596e-05,-0.023593,-0.010695,0.059921,-0.0056853
13.3,0.28597,0.44341,0.29205,0.44016,8.4902e-05,3.5036e-05,-0.020258,-0.010826,0.072789,0.00071762
13.35,0.28715,0.44336,0.29206,0.44017,8.6068e-05,3.4801e-05,-0.016339,-0.010642,0.083538,0.0070941
13.4,0.28848,0.44321,0.29206,0.44017,8.7551e-05,3.5244e-05,-0.011933,-0.010139,0.091756,0.013248
13.45,0.28991,0.44297,0.29206,0.44017,8.9241e-05,3.6366e-05,-0.0071877,-0.0093415,0.097286,0.019004
13.5,0.2914,0.44265,0.29207,0.44017,9.1174e-05,3.8068e-05,-0.0022402,-0.0082749,0.099992,0.024202
13.55,0.2929,0.44226,0.29207,0.44017,9.3264e-05,4.0278e-05,0.0027694,-0.0069668,0.099767,0.028687
13.6,0.29439,0.44181,0.29208,0.44018,9.5414e-05,4.2942e-05,0.0076905,-0.005452,0.096555,0.032308
13.65,0.2958,0.44131,0.29208,0.44018,9.7525e-05,4.6005e-05,0.012377,-0.00378,0.090514,0.034973
13.7,0.2971,0.44078,0.29209,0.44018,9.9619e-05,4.9288e-05,0.016694,-0.0020005,0.081838,0.036612
13.75,0.29825,0.44023,0.2921,0.44018,0.00044725,5.2684e-05,0.0205,-0.00016489,0.070347,0.037166
13.8,0.29924,0.43968,0.29214,0.44019,0.0010917,5.6112e-05,0.02367,0.0016724,0.056467,0.036633
13.85,0.30004,0.43915,0.29222,0.44019,0.0017994,5.9415e-05,0.026094,0.0034574,0.040869,0.035019
13.9,0.30064,0.43865,0.29232,0.44019,0.0024429,6.2526e-05,0.027727,0.005141,0.024194,0.032403
13.95,0.30101,0.43819,0.29246,0.44019,0.0029552,6.527e-05,0.02851,0.0066722,0.0069787,0.028835
14,0.30113,0.4378,0.29262,0.4402,0.0032842,6.7608e-05,0.02838,0.0079931,-0.010197,0.024382
14.05,0.30102,0.43747,0.29279,0.4402,0.0034318,6.9531e-05,0.027452,0.0090889,-0.026828,0.019264
14.1,0.30067,0.43723,0.29296,0.44021,0.003393,7.073e-05,0.025697,0.0099095,-0.042408,0.013574
14.15,0.30009,0.43708,0.29312,0.44021,0.0031721,7.1393e-05,0.023215,0.010444,-0.056527,0.007504
14.2,0.29928,0.43701,0.29327,0.44021,0.002777,7.1362e-05,0.020054,0.010662,-0.068708,0.0012165
14.25,0.2983,0.43704,0.29339,0.44022,0.0022337,7.0673e-05,0.016351,0.010573,-0.078708,-0.0050925
14.3,0.29715,0.43717,0.29349,0.44022,0.0015508,6.9304e-05,0.012213,0.010176,-0.086239,-0.011245
14.35,0.29587,0.43738,0.29354,0.44022,0.00075614,6.7295e-05,0.0077666,0.0094817,-0.091108,-0.017062
14.4,0.2945,0.43767,0.29356,0.44023,9.7594e-05,6.4684e-05,0.003143,0.0085085,-0.093447,-0.02237
14.45,0.2931,0.43804,0.29356,0.44023,9.5679e-05,6.1518e-05,-0.0015539,0.0072842,-0.093792,-0.027005
14.5,0.29171,0.43848,0.29357,0.44023,9.3666e-05,5.7866e-05,-0.0061981,0.0058501,-0.091405,-0.030845
14.55,0.29038,0.43896,0.29357,0.44023,9.1558e-05,5.3865e-05,-0.010657,0.0042476,-0.086362,-0.033784
14.6,0.28914,0.43948,0.29358,0.44024,8.946e-05,4.9608e-05,-0.014796,0.0025213,-0.078769,-0.035721
14.65,0.28803,0.44002,0.29358,0.44024,8.7489e-05,4.515e-05,-0.018497,0.00072312,-0.068875,-0.036607
14.7,0.28709,0.44057,0.29359,0.44024,8.5656e-05,4.0653e-05,-0.021649,-0.001094,-0.056967,-0.036415
14.75,0.28634,0.44111,0.29359,0.44024,8.4024e-05,3.622e-05,-0.024167,-0.0028773,-0.043412,-0.035163
14.8,0.2858,0.44162,0.2936,0.44024,8.2628e-05,3.1983e-05,-0.025972,-0.0045742,-0.028591,-0.032876
14.85,0.2855,0.44209,0.2936,0.44025,8.1531e-05,2.8013e-05,-0.027007,-0.0061339,-0.012943,-0.029621
14.9,0.28543,0.4425,0.2936,0.44025,8.0755e-05,2.4426e-05,-0.02724,-0.007509,0.0030645,-0.025492
14.95,0.28561,0.44285,0.29361,0.44025,8.032e-05,2.1301e-05,-0.026671,-0.0086602,0.01895,-0.020622
15,0.28603,0.44311,0.29361,0.44025,8.0233e-05,1.875e-05,-0.025286,-0.0095417,0.034199,-0.015137
15.05,0.28665,0.4433,0.29362,0.44025,8.047e-05,1.679e-05,-0.023215,-0.01016,0.048473,-0.0092541
15.1,0.28748,0.44339,0.29362,0.44025,8.1099e-05,1.5538e-05,-0.020459,-0.010477,0.061301,-0.0031028
15.15,0.2885,0.4434,0.29362,0.44025,8.2021e-05,1.4903e-05,-0.017092,-0.010478,0.072261,0.0031314
15.2,0.28966,0.4433,0.29363,0.44025,8.3189e-05,1.4937e-05,-0.013233,-0.010173,0.081082,0.0092584
15.25,0.29093,0.44313,0.29363,0.44025,8.4638e-05,1.5628e-05,-0.008998,-0.0095737,0.087529,0.015103
15.3,0.29228,0.44286,0.29364,0.44025,8.6316e-05,1.6917e-05,-0.0045086,-0.0086982,0.091436,0.020503
15.35,0.29367,0.44253,0.29364,0.44026,8.8166e-05,1.8742e-05,0.00010948,-0.0075695,0.092669,0.0253
15.4,0.29506,0.44212,0.29365,0.44026,9.01e-05,2.1055e-05,0.0047223,-0.0062194,0.091181,0.029351
15.45,0.29641,0.44166,0.29365,0.44026,9.2059e-05,2.3781e-05,0.0091876,-0.0046846,0.08696,0.032517
15.5,0.29767,0.44116,0.29365,0.44026,9.3988e-05,2.6836e-05,0.013375,-0.0030152,0.080193,0.034721
15.55,0.29881,0.44064,0.29366,0.44026,9.5861e-05,3.0068e-05,0.017163,-0.0012605,0.071086,0.035903
15.6,0.2998,0.4401,0.29366,0.44026,9.7608e-05,3.3377e-05,0.02044,0.00052802,0.059909,0.036028
15.65,0.3006,0.43957,0.29367,0.44026,9.9171e-05,3.6654e-05,0.023111,0.0022979,0.046993,0.035096
15.7,0.3012,0.43907,0.29368,0.44027,0.00019427,3.9788e-05,0.025086,0.0039953,0.032596,0.033121
15.75,0.30158,0.4386,0.2937,0.44027,0.00052229,4.2689e-05,0.026299,0.0055696,0.016998,0.030172
15.8,0.30174,0.43818,0.29373,0.44027,0.00087378,4.5221e-05,0.026706,0.0069733,0.00092252,0.026338
15.85,0.30169,0.43782,0.29378,0.44027,0.0011503,4.7308e-05,0.026352,0.0081789,-0.015046,0.021781
15.9,0.3014,0.43753,0.29385,0.44027,0.0012854,4.8773e-05,0.025198,0.0091389,-0.03038,0.016579
15.95,0.30089,0.43733,0.29391,0.44028,0.0012516,4.978e-05,0.023273,0.009815,-0.04453,0.010885
16,0.30018,0.43721,0.29397,0.44028,0.0010641,5.0153e-05,0.020718,0.010219,-0.057228,0.0049078
16.05,0.29928,0.43719,0.29401,0.44028,0.00070722,4.983e-05,0.017562,0.010314,-0.067981,-0.001207
16.1,0.29821,0.43725,0.29403,0.44028,0.00022,4.888e-05,0.013924,0.010107,-0.07656,-0.0072709
16.15,0.29701,0.43741,0.29404,0.44029,9.7597e-05,4.7278e-05,0.0099036,0.0096006,-0.083281,-0.013102
16.2,0.29572,0.43764,0.29404,0.44029,9.5987e-05,4.5051e-05,0.0056086,0.0088195,-0.087732,-0.01854
16.25,0.29439,0.43796,0.29405,0.44029,9.4131e-05,4.2291e-05,0.0011579,0.007782,-0.089603,-0.023424
16.3,0.29306,0.43834,0.29405,0.44029,9.2169e-05,3.9031e-05,-0.0033183,0.0065185,-0.088842,-0.027611
16.35,0.29175,0.43877,0.29406,0.4403,9.0151e-05,3.5354e-05,-0.0076918,0.0050683,-0.085509,-0.030992
16.4,0.29051,0.43926,0.29406,0.4403,8.8111e-05,3.1378e-05,-0.011831,0.0034701,-0.079644,-0.033448
16.45,0.28938,0.43977,0.29407,0.4403,8.616e-05,2.7145e-05,-0.015619,0.0017734,-0.071467,-0.034926
16.5,0.28839,0.44029,0.29407,0.4403,8.4304e-05,2.2816e-05,-0.018948,2.6911e-05,-0.061217,-0.035384
16.55,0.28756,0.44082,0.29407,0.4403,8.2604e-05,1.8493e-05,-0.021717,-0.0017187,-0.049173,-0.0348
16.6,0.28693,0.44132,0.29408,0.4403,8.1134e-05,1.4249e-05,-0.023839,-0.0034112,-0.035691,-0.033187
16.65,0.28651,0.4418,0.29408,0.4403,7.9919e-05,1.0216e-05,-0.025256,-0.0050005,-0.021178,-0.030599
16.7,0.28631,0.44223,0.29409,0.4403,7.8991e-05,6.4922e-06,-0.025934,-0.0064411,-0.0060688,-0.027122
16.75,0.28634,0.44261,0.29409,0.4403,7.8366e-05,3.2014e-06,-0.025843,-0.0076888,0.009196,-0.022848
16.8,0.2866,0.44291,0.29409,0.4403,7.8075e-05,3.7664e-07,-0.024984,-0.0087046,0.024152,-0.017904
16.85,0.28709,0.44314,0.2941,0.4403,7.812e-05,-1.8833e-06,-0.023362,-0.009449,0.038305,-0.012432
16.9,0.28777,0.44328,0.2941,0.4403,7.8465e-05,-3.5426e-06,-0.021109,-0.0099337,0.051371,-0.0066396
16.95,0.28863,0.44334,0.29411,0.4403,7.9191e-05,-4.5278e-06,-0.018236,-0.010124,0.062903,-0.00065838
17,0.28966,0.4433,0.29411,0.4403,8.0171e-05,-4.9102e-06,-0.014822,-0.010011,0.072525,0.0053296
17.05,0.29082,0.44318,0.29411,0.4403,8.1385e-05,-4.6424e-06,-0.010988,-0.0096085,0.080025,0.011149
17.1,0.29207,0.44298,0.29412,0.4403,8.2858e-05,-3.7718e-06,-0.006838,-0.0089247,0.085159,0.016628
17.15,0.29337,0.4427,0.29412,0.4403,8.4501e-05,-2.3297e-06,-0.0024968,-0.0079818,0.087796,0.021611
17.2,0.2947,0.44234,0.29413,0.4403,8.6283e-05,-3.8812e-07,0.0019109,-0.0068101,0.087896,0.025964
17.25,0.29601,0.44193,0.29413,0.4403,8.8163e-05,1.9618e-06,0.0062593,-0.0054399,0.08542,0.029551
17.3,0.29726,0.44147,0.29413,0.4403,9.0043e-05,4.6716e-06,0.010415,-0.0039084,0.080387,0.032249
17.35,0.29842,0.44098,0.29414,0.4403,9.1828e-05,7.6899e-06,0.014258,-0.0022654,0.073009,0.033997
17.4,0.29945,0.44047,0.29414,0.4403,9.3557e-05,1.0821e-05,0.017675,-0.00055883,0.063495,0.034741
17.45,0.30032,0.43995,0.29415,0.4403,9.5137e-05,1.3996e-05,0.02057,0.0011609,0.052147,0.03447
17.5,0.30101,0.43945,0.29415,0.4403,9.6541e-05,1.7074e-05,0.022849,0.002843,0.039272,0.033176
17.55,0.30149,0.43897,0.29416,0.4403,9.7682e-05,2.001e-05,0.024451,0.0044375,0.025273,0.03091
17.6,0.30176,0.43854,0.29416,0.44031,9.8559e-05,2.2645e-05,0.025316,0.0058942,0.01056,0.027725
17.65,0.30181,0.43815,0.29417,0.44031,9.9136e-05,2.4926e-05,0.025472,0.0071831,-0.0044152,0.023774
17.7,0.30163,0.43783,0.29417,0.44031,9.942e-05,2.666e-05,0.024873,0.0082572,-0.019243,0.019122
17.75,0.30124,0.43758,0.29418,0.44031,9.9361e-05,2.7944e-05,0.023548,0.0090888,-0.03349,0.013918
17.8,0.30064,0.43741,0.29418,0.44031,9.8972e-05,2.8645e-05,0.021538,0.0096541,-0.046744,0.0083134
17.85,0.29986,0.43733,0.29419,0.44031,9.8256e-05,2.8735e-05,0.018895,0.0099351,-0.058615,0.0024681
17.9,0.2989,0.43734,0.29419,0.44031,9.7255e-05,2.8221e-05,0.015684,0.0099141,-0.068686,-0.0034415
17.95,0.29781,0.43743,0.2942,0.44032,9.6026e-05,2.7052e-05,0.012029,0.0096084,-0.076761,-0.0092384
18,0.29661,0.43761,0.2942,0.44032,9.451e-05,2.5276e-05,0.0080313,0.0090258,-0.082607,-0.014761
18.05,0.29535,0.43786,0.29421,0.44032,9.2789e-05,2.294e-05,0.0038006,0.0081797,-0.086034,-0.019848
18.1,0.29405,0.43819,0.29421,0.44032,9.0953e-05,2.0074e-05,-0.00053872,0.0070889,-0.086869,-0.024331
18.15,0.29276,0.43858,0.29422,0.44032,8.9058e-05,1.6719e-05,-0.0048538,0.005793,-0.085157,-0.028093
18.2,0.29151,0.43902,0.29422,0.44032,8.7097e-05,1.3014e-05,-0.0090211,0.0043312,-0.080975,-0.031032
18.25,0.29035,0.4395,0.29422,0.44032,8.5136e-05,9.0513e-06,-0.01292,0.0027447,-0.074431,-0.033061
18.3,0.2893,0.44,0.29423,0.44032,8.3255e-05,4.9095e-06,-0.016438,0.0010795,-0.065718,-0.034121
18.35,0.28839,0.44051,0.29423,0.44032,8.1502e-05,6.9716e-07,-0.019466,-0.00061595,-0.055068,-0.03417
18.4,0.28766,0.44101,0.29424,0.44032,7.9949e-05,-3.5117e-06,-0.021924,-0.0022916,-0.042826,-0.033224
18.45,0.28712,0.44149,0.29424,0.44032,7.8597e-05,-7.5492e-06,-0.023734,-0.0038981,-0.029331,-0.0313
18.5,0.2868,0.44194,0.29424,0.44032,7.7517e-05,-1.1363e-05,-0.024829,-0.005385,-0.01498,-0.02844
18.55,0.28669,0.44233,0.29425,0.44032,7.6739e-05,-1.4865e-05,-0.025188,-0.0067088,-0.00022325,-0.024748
18.6,0.28682,0.44267,0.29425,0.44032,7.6259e-05,-1.7904e-05,-0.024791,-0.0078272,0.014492,-0.020326
18.65,0.28716,0.44293,0.29426,0.44032,7.61e-05,-2.0457e-05,-0.02366,-0.0087078,0.028711,-0.015321
18.7,0.28771,0.44311,0.29426,0.44032,7.6254e-05,-2.2417e-05,-0.021834,-0.0093254,0.042003,-0.009889
18.75,0.28844,0.44322,0.29426,0.44031,7.6711e-05,-2.3762e-05,-0.01942,-0.0096875,0.054111,-0.0042057
18.8,0.28934,0.44324,0.29427,0.44031,7.7528e-05,-2.4493e-05,-0.016443,-0.0097675,0.064635,0.0015951
18.85,0.29038,0.44318,0.29427,0.44031,7.8588e-05,-2.465e-05,-0.012972,-0.0095508,0.073178,0.0073372
18.9,0.29154,0.44303,0.29428,0.44031,7.9836e-05,-2.4179e-05,-0.0091327,-0.0090579,0.079582,0.012853
18.95,0.29277,0.4428,0.29428,0.44031,8.1323e-05,-2.3143e-05,-0.0050331,-0.0083002,0.083634,0.01798
19,0.29405,0.4425,0.29428,0.44031,8.296e-05,-2.1575e-05,-0.00079524,-0.0073061,0.085285,0.022584
19.05,0.29533,0.44214,0.29429,0.44031,8.4748e-05,-1.9581e-05,0.0034632,-0.0060981,0.084429,0.026521
19.1,0.29658,0.44172,0.29429,0.44031,8.6554e-05,-1.7177e-05,0.0076171,-0.0047123,0.081096,0.029677
19.15,0.29776,0.44126,0.2943,0.44031,8.8349e-05,-1.4465e-05,0.011538,-0.0031869,0.075335,0.031939
19.2,0.29883,0.44078,0.2943,0.44031,9.0043e-05,-1.1496e-05,0.015111,-0.001571,0.06737,0.033256
19.25,0.29978,0.44028,0.29431,0.44031,9.1653e-05,-8.4493e-06,0.018234,8.7566e-05,0.057445,0.033595
19.3,0.30055,0.43978,0.29431,0.44031,9.3116e-05,-5.4201e-06,0.020812,0.0017398,0.04585,0.032943
19.35,0.30115,0.4393,0.29432,0.4403,9.4372e-05,-2.4973e-06,0.022769,0.0033363,0.03293,0.03132
19.4,0.30153,0.43886,0.29432,0.4403,9.5384e-05,2.116e-07,0.024048,0.0048295,0.019078,0.028776
19.45,0.30171,0.43845,0.29432,0.4403,9.6119e-05,2.611e-06,0.024608,0.0061737,0.0047075,0.025387
19.5,0.30167,0.4381,0.29433,0.44031,9.6564e-05,4.6216e-06,0.024485,0.0073436,-0.0097588,0.021303
19.55,0.30143,0.43782,0.29433,0.44031,9.6712e-05,6.0887e-06,0.02364,0.0082956,-0.023923,0.016595
19.6,0.30097,0.43761,0.29434,0.44031,9.6529e-05,7.0856e-06,0.022089,0.0089981,-0.037351,0.011398
19.65,0.30032,0.43747,0.29434,0.44031,9.6039e-05,7.5454e-06,0.019906,0.0094405,-0.049683,0.0058816
19.7,0.29949,0.43742,0.29435,0.44031,9.523e-05,7.3888e-06,0.017141,0.0096064,-0.060552,0.00019774
19.75,0.29851,0.43746,0.29435,0.44031,9.4149e-05,6.6364e-06,0.013862,0.0094809,-0.069567,-0.0054824
19.8,0.29742,0.43758,0.29436,0.44031,9.2868e-05,5.2611e-06,0.010194,0.0090854,-0.076581,-0.010995
19.85,0.29623,0.43778,0.29436,0.44031,9.1311e-05,3.3269e-06,0.006232,0.0084262,-0.081363,-0.016184
19.9,0.29499,0.43805,0.29437,0.44031,8.9603e-05,8.5754e-07,0.0020876,0.0075145,-0.083689,-0.020878
19.95,0.29374,0.43839,0.29437,0.44031,8.7815e-05,-2.1294e-06,-0.0021095,0.0063849,-0.083558,-0.02495
20,0.29251,0.43879,0.29438,0.44031,8.5934e-05,-5.5085e-06,-0.0062366,0.0050704,-0.080977,-0.028282
20.05,0.29133,0.43922,0.29438,0.44031,8.4035e-05,-9.2088e-06,-0.010177,0.0036117,-0.076061,-0.030793
20.1,0.29024,0.43969,0.29438,0.44031,8.2149e-05,-1.311e-05,-0.013809,0.0020476,-0.068884,-0.032381
20.15,0.28928,0.44018,0.29439,0.44031,8.0399e-05,-1.7193e-05,-0.017036,0.00042691,-0.059728,-0.033031
20.2,0.28847,0.44067,0.29439,0.4403,7.8756e-05,-2.1261e-05,-0.019755,-0.0012042,-0.048818,-0.032703
20.25,0.28783,0.44114,0.2944,0.4403,7.732e-05,-2.528e-05,-0.02189,-0.0027974,-0.036491,-0.031415
20.3,0.28739,0.44159,0.2944,0.4403,7.6114e-05,-2.9127e-05,-0.02338,-0.0043059,-0.023112,-0.029208
20.35,0.28715,0.44201,0.2944,0.4403,7.5166e-05,-3.2697e-05,-0.02418,-0.0056855,-0.0090763,-0.026146
20.4,0.28713,0.44237,0.29441,0.4403,7.4505e-05,-3.5908e-05,-0.024272,-0.0068962,0.0052034,-0.022324
20.45,0.28733,0.44266,0.29441,0.4403,7.4152e-05,-3.8674e-05,-0.023612,-0.0078898,0.019278,-0.017825
20.5,0.28774,0.44289,0.29441,0.44029,7.4108e-05,-4.0976e-05,-0.022263,-0.008647,0.03272,-0.012823
20.55,0.28833,0.44304,0.29442,0.44029,7.4362e-05,-4.2672e-05,-0.020311,-0.0091658,0.045227,-0.0074875
20.6,0.2891,0.44311,0.29442,0.44029,7.4971e-05,-4.3742e-05,-0.017749,-0.0094074,0.056357,-0.0019326
20.65,0.29002,0.4431,0.29443,0.44029,7.579e-05,-4.4292e-05,-0.014685,-0.009381,0.065868,0.0036698
20.7,0.29108,0.44301,0.29443,0.44029,7.6906e-05,-4.4247e-05,-0.011181,-0.0090705,0.073368,0.0091515
20.75,0.29223,0.44283,0.29443,0.44028,7.8191e-05,-4.3594e-05,-0.0073583,-0.0084962,0.078709,0.014353
20.8,0.29344,0.44258,0.29444,0.44028,7.9681e-05,-4.2408e-05,-0.00333,-0.0076767,0.081756,0.019128
20.85,0.29468,0.44227,0.29444,0.44028,8.1328e-05,-4.0751e-05,0.00079027,-0.0066354,0.082425,0.023341
20.9,0.29591,0.4419,0.29445,0.44028,8.3051e-05,-3.8674e-05,0.004881,-0.0053974,0.080628,0.026849
20.95,0.2971,0.44148,0.29445,0.44028,8.4758e-05,-3.6211e-05,0.0088205,-0.0040039,0.076472,0.029564
21,0.2982,0.44102,0.29445,0.44027,8.6468e-05,-3.3512e-05,0.012493,-0.0024957,0.070078,0.031404
21.05,0.2992,0.44055,0.29446,0.44027,8.8103e-05,-3.0652e-05,0.015791,-0.00091755,0.061641,0.032318
21.1,0.30005,0.44007,0.29446,0.44027,8.9615e-05,-2.7735e-05,0.018617,0.00068415,0.051408,0.03228
21.15,0.30074,0.43959,0.29447,0.44027,9.0954e-05,-2.4858e-05,0.020892,0.0022622,0.039693,0.031295
21.2,0.30123,0.43914,0.29447,0.44027,9.2083e-05,-2.2133e-05,0.022541,0.0037688,0.02683,0.029385
21.25,0.30153,0.43872,0.29448,0.44027,9.2959e-05,-1.9639e-05,0.023516,0.005159,0.013213,0.02661
21.3,0.30163,0.43835,0.29448,0.44027,9.356e-05,-1.7465e-05,0.023831,0.006401,-0.00073932,0.023096
21.35,0.30152,0.43803,0.29449,0.44027,9.39e-05,-1.5792e-05,0.023448,0.0074548,-0.01466,0.01891
21.4,0.3012,0.43778,0.29449,0.44026,9.3907e-05,-1.4506e-05,0.022361,0.0082833,-0.028123,0.014162
21.45,0.30067,0.43761,0.2945,0.44026,9.3605e-05,-1.3729e-05,0.020586,0.0088516,-0.040659,0.0089939
21.5,0.29997,0.43751,0.2945,0.44026,9.3038e-05,-1.3529e-05,0.018246,0.0091717,-0.052019,0.0035961
21.55,0.29912,0.43749,0.29451,0.44026,9.2139e-05,-1.3944e-05,0.01539,0.0092302,-0.061878,-0.0018948
21.6,0.29813,0.43756,0.29451,0.44026,9.097e-05,-1.4922e-05,0.012072,0.0090087,-0.069843,-0.0073185
21.65,0.29704,0.4377,0.29451,0.44026,8.9643e-05,-1.6484e-05,0.0084161,0.0085303,-0.075796,-0.012522
21.7,0.29587,0.43792,0.29452,0.44026,8.8075e-05,-1.8563e-05,0.0045185,0.0078051,-0.079546,-0.017358
21.75,0.29467,0.43821,0.29452,0.44026,8.6371e-05,-2.1135e-05,0.00049029,0.0068464,-0.080898,-0.021665
21.8,0.29346,0.43855,0.29453,0.44026,8.4613e-05,-2.4182e-05,-0.0035442,0.0056892,-0.079875,-0.025327
21.85,0.29229,0.43895,0.29453,0.44026,8.2787e-05,-2.7579e-05,-0.0074667,0.0043677,-0.076512,-0.028239
21.9,0.29119,0.43938,0.29454,0.44025,8.096e-05,-3.125e-05,-0.011168,0.0029223,-0.070945,-0.030331
21.95,0.29018,0.43984,0.29454,0.44025,7.9166e-05,-3.5079e-05,-0.014532,0.0013924,-0.06328,-0.03152
22,0.2893,0.4403,0.29454,0.44025,7.7513e-05,-3.9037e-05,-0.017467,-0.00017566,-0.053781,-0.031787
22.05,0.28858,0.44077,0.29455,0.44025,7.6e-05,-4.2967e-05,-0.019884,-0.0017361,-0.042713,-0.031118
22.1,0.28804,0.44122,0.29455,0.44025,7.4692e-05,-4.68e-05,-0.021714,-0.0032431,-0.030411,-0.029538
22.15,0.28768,0.44164,0.29455,0.44024,7.3612e-05,-5.0423e-05,-0.022903,-0.0046522,-0.017234,-0.027092
22.2,0.28753,0.44202,0.29456,0.44024,7.2797e-05,-5.3759e-05,-0.02342,-0.0059229,-0.0035752,-0.023858
22.25,0.28759,0.44234,0.29456,0.44024,7.2261e-05,-5.6707e-05,-0.023246,-0.0070167,0.010167,-0.019926
22.3,0.28785,0.44261,0.29457,0.44024,7.2028e-05,-5.9223e-05,-0.022377,-0.007898,0.023574,-0.015408
22.35,0.28832,0.44279,0.29457,0.44023,7.2096e-05,-6.1238e-05,-0.020829,-0.0085339,0.036201,-0.010439
22.4,0.28896,0.44291,0.29457,0.44023,7.2434e-05,-6.2695e-05,-0.01872,-0.0089361,0.047806,-0.0052034
22.45,0.28976,0.44295,0.29458,0.44023,7.3119e-05,-6.3553e-05,-0.016059,-0.0090726,0.057977,0.00017992
22.5,0.2907,0.44291,0.29458,0.44022,7.4016e-05,-6.3875e-05,-0.012937,-0.008947,0.066461,0.0055504
22.55,0.29175,0.44279,0.29458,0.44022,7.5172e-05,-6.3632e-05,-0.0094304,-0.0085515,0.072923,0.010744
22.6,0.29289,0.44259,0.29459,0.44022,7.6469e-05,-6.2821e-05,-0.0056572,-0.0079084,0.077251,0.015613
22.65,0.29407,0.44232,0.29459,0.44021,7.7959e-05,-6.1518e-05,-0.0017259,-0.0070355,0.079311,0.020016
22.7,0.29527,0.442,0.2946,0.44021,7.9562e-05,-5.9771e-05,0.0022496,-0.0059617,0.079087,0.023836
22.75,0.29645,0.44162,0.2946,0.44021,8.1257e-05,-5.7674e-05,0.0061563,-0.0047139,0.076543,0.026955
22.8,0.29757,0.4412,0.2946,0.44021,8.2935e-05,-5.5257e-05,0.0098798,-0.0033288,0.071755,0.029279
22.85,0.2986,0.44076,0.29461,0.4402,8.4565e-05,-5.2619e-05,0.013302,-0.0018456,0.064817,0.030722
22.9,0.29951,0.44029,0.29461,0.4402,8.606e-05,-4.9808e-05,0.016325,-0.00031137,0.055989,0.031257
22.95,0.30028,0.43983,0.29462,0.4402,8.7447e-05,-4.7006e-05,0.018863,0.0012285,0.045538,0.030874
23,0.30087,0.43938,0.29462,0.4402,8.8662e-05,-4.4293e-05,0.020837,0.0027281,0.033769,0.029581
23.05,0.30129,0.43895,0.29463,0.44019,8.9661e-05,-4.1749e-05,0.022218,0.0041478,0.021063,0.027451
23.1,0.30151,0.43856,0.29463,0.44019,9.0441e-05,-3.9525e-05,0.022943,0.0054439,0.0077514,0.024516
23.15,0.30153,0.43822,0.29463,0.44019,9.0933e-05,-3.7619e-05,0.022998,0.0065802,-0.0057818,0.020866
23.2,0.30135,0.43793,0.29464,0.44019,9.1113e-05,-3.6072e-05,0.022366,0.0075187,-0.019126,0.016598
23.25,0.30097,0.43772,0.29464,0.44019,9.1005e-05,-3.5011e-05,0.021077,0.0082341,-0.031883,0.011849
23.3,0.3004,0.43757,0.29465,0.44018,9.0606e-05,-3.4487e-05,0.019182,0.0087108,-0.043701,0.0067657
23.35,0.29967,0.4375,0.29465,0.44018,8.991e-05,-3.4527e-05,0.016727,0.008932,-0.054231,0.0014887
23.4,0.29879,0.43752,0.29466,0.44018,8.8953e-05,-3.5114e-05,0.013766,0.0088806,-0.063088,-0.0038242
23.45,0.29779,0.43761,0.29466,0.44018,8.781e-05,-3.6282e-05,0.010421,0.0085774,-0.070135,-0.0090162
23.5,0.2967,0.43777,0.29467,0.44018,8.6388e-05,-3.7984e-05,0.006775,0.0080236,-0.075121,-0.013938
23.55,0.29555,0.43801,0.29467,0.44018,8.4819e-05,-4.0198e-05,0.0029321,0.0072309,-0.077851,-0.018434
23.6,0.29438,0.4383,0.29467,0.44017,8.3165e-05,-4.2901e-05,-0.0009881,0.0062288,-0.078299,-0.022382
23.65,0.29322,0.43866,0.29468,0.44017,8.141e-05,-4.5988e-05,-0.0048713,0.0050467,-0.076453,-0.025665
23.7,0.2921,0.43905,0.29468,0.44017,7.9623e-05,-4.9392e-05,-0.0086037,0.003719,-0.072367,-0.028188
23.75,0.29106,0.43948,0.29469,0.44017,7.7866e-05,-5.3036e-05,-0.012076,0.0022851,-0.066166,-0.029879
23.8,0.29013,0.43993,0.29469,0.44016,7.618e-05,-5.6824e-05,-0.015196,0.00078781,-0.05807,-0.030707
23.85,0.28934,0.44038,0.29469,0.44016,7.459e-05,-6.0629e-05,-0.017857,-0.00073076,-0.048252,-0.030617
23.9,0.2887,0.44082,0.2947,0.44016,7.3208e-05,-6.4447e-05,-0.019999,-0.0022258,-0.037059,-0.029644
23.95,0.28824,0.44125,0.2947,0.44015,7.1997e-05,-6.8075e-05,-0.021548,-0.0036532,-0.024784,-0.027797
24,0.28797,0.44164,0.2947,0.44015,7.1041e-05,-7.1502e-05,-0.022457,-0.0049699,-0.011796,-0.02513
24.05,0.2879,0.44199,0.29471,0.44015,7.0354e-05,-7.4628e-05,-0.022704,-0.0061378,0.0015123,-0.02173
24.1,0.28803,0.44228,0.29471,0.44014,6.9945e-05,-7.7345e-05,-0.02226,-0.0071152,0.014733,-0.017681
24.15,0.28837,0.4425,0.29472,0.44014,6.9825e-05,-7.9634e-05,-0.021168,-0.0078806,0.027468,-0.013132
24.2,0.28887,0.44266,0.29472,0.44013,6.9983e-05,-8.1379e-05,-0.019494,-0.0084261,0.039411,-0.0082329
24.25,0.28955,0.44275,0.29472,0.44013,7.046e-05,-8.2558e-05,-0.017241,-0.0087203,0.05017,-0.0030934
24.3,0.29038,0.44275,0.29473,0.44013,7.1171e-05,-8.3239e-05,-0.014473,-0.0087508,0.059391,0.002127
24.35,0.29134,0.44268,0.29473,0.44012,7.21e-05,-8.3348e-05,-0.011305,-0.0085355,0.066926,0.0072768
24.4,0.29239,0.44254,0.29473,0.44012,7.3314e-05,-8.2934e-05,-0.0078012,-0.0080638,0.072436,0.0122
24.45,0.29351,0.44232,0.29474,0.44011,7.4633e-05,-8.1981e-05,-0.0040783,-0.0073602,0.075844,0.016761
24.5,0.29467,0.44204,0.29474,0.44011,7.6132e-05,-8.0582e-05,-0.00024083,-0.0064411,0.077013,0.020822
24.55,0.29582,0.44171,0.29474,0.44011,7.7704e-05,-7.8763e-05,0.003599,-0.0053364,0.075947,0.024274
24.6,0.29695,0.44132,0.29475,0.4401,7.9329e-05,-7.6616e-05,0.0073254,-0.0040738,0.072608,0.026993
24.65,0.298,0.44091,0.29475,0.4401,8.0902e-05,-7.4165e-05,0.010836,-0.0026966,0.067196,0.028935
24.7,0.29896,0.44047,0.29476,0.44009,8.2485e-05,-7.1608e-05,0.014027,-0.0012415,0.059819,0.030028
24.75,0.2998,0.44002,0.29476,0.44009,8.3934e-05,-6.8944e-05,0.016791,0.00024908,0.050647,0.030213
24.8,0.30048,0.43957,0.29476,0.44009,8.5184e-05,-6.6227e-05,0.019056,0.0017289,0.040013,0.029512
24.85,0.30099,0.43914,0.29477,0.44008,8.6277e-05,-6.3662e-05,0.020753,0.0031538,0.028225,0.027942
24.9,0.30132,0.43874,0.29477,0.44008,8.7149e-05,-6.1302e-05,0.021828,0.0044805,0.015634,0.025547
24.95,0.30146,0.43837,0.29478,0.44008,8.777e-05,-5.9216e-05,0.022289,0.0056783,0.0026371,0.022442
25,0.30141,0.43806,0.29478,0.44008,8.8154e-05,-5.7584e-05,0.022098,0.0067091,-0.010428,0.018683
25.05,0.30116,0.43781,0.29479,0.44007,8.8225e-05,-5.6295e-05,0.021238,0.0075352,-0.023157,0.014365
25.1,0.30071,0.43763,0.29479,0.44007,8.8011e-05,-5.5464e-05,0.019748,0.0081339,-0.035156,0.0096319
25.15,0.30011,0.43752,0.2948,0.44007,8.7528e-05,-5.5163e-05,0.017707,0.0085029,-0.046139,0.0046411
25.2,0.29935,0.43748,0.2948,0.44006,8.674e-05,-5.5433e-05,0.015153,0.0086238,-0.055767,-0.00048041
25.25,0.29845,0.43752,0.2948,0.44006,8.5718e-05,-5.6223e-05,0.012141,0.0084817,-0.063679,-0.0055779
25.3,0.29745,0.43763,0.29481,0.44006,8.4531e-05,-5.7569e-05,0.0087907,0.0080995,-0.069767,-0.010506
25.35,0.29637,0.43781,0.29481,0.44006,8.3086e-05,-5.9407e-05,0.0051871,0.0074811,-0.07381,-0.015122
25.4,0.29525,0.43806,0.29482,0.44005,8.1514e-05,-6.1724e-05,0.0014335,0.0066396,-0.075635,-0.019277
25.45,0.29411,0.43837,0.29482,0.44005,7.9883e-05,-6.4496e-05,-0.002354,0.005606,-0.075243,-0.022858
25.5,0.29301,0.43872,0.29482,0.44005,7.8169e-05,-6.7611e-05,-0.0060647,0.0044102,-0.072644,-0.025762
25.55,0.29195,0.43912,0.29483,0.44004,7.6446e-05,-7.1005e-05,-0.0095898,0.0030879,-0.067921,-0.027904
25.6,0.29098,0.43954,0.29483,0.44004,7.4764e-05,-7.4595e-05,-0.012826,0.0016778,-0.061214,-0.029222
25.65,0.29013,0.43997,0.29484,0.44003,7.3172e-05,-7.8293e-05,-0.01568,0.00022177,-0.052729,-0.029682
25.7,0.28942,0.4404,0.29484,0.44003,7.1711e-05,-8.2e-05,-0.018064,-0.0012374,-0.042706,-0.029264
25.75,0.28887,0.44082,0.29484,0.44003,7.043e-05,-8.564e-05,-0.019927,-0.0026584,-0.03148,-0.028009
25.8,0.28849,0.44122,0.29485,0.44002,6.9331e-05,-8.9063e-05,-0.021196,-0.0039984,-0.019334,-0.025924
25.85,0.2883,0.44158,0.29485,0.44002,6.8503e-05,-9.2287e-05,-0.021825,-0.0052147,-0.006638,-0.023066
25.9,0.28831,0.4419,0.29485,0.44001,6.7938e-05,-9.5191e-05,-0.021818,-0.0062756,0.0062115,-0.019547
25.95,0.28851,0.44215,0.29486,0.44001,6.764e-05,-9.7649e-05,-0.021147,-0.0071412,0.018821,-0.015447
26,0.28889,0.44235,0.29486,0.44,6.7611e-05,-9.968e-05,-0.019903,-0.0078098,0.030879,-0.010941
26.05,0.28945,0.44245,0.29486,0.43999,6.7896e-05,-0.00040528,-0.018036,-0.0082184,0.041931,-0.0057414
26.1,0.29016,0.44247,0.29487,0.43996,6.8383e-05,-0.00075483,-0.015675,-0.0083785,0.051782,-0.00034907
26.15,0.29101,0.4424,0.29487,0.43991,6.9183e-05,-0.00091364,-0.012866,-0.0082833,0.060125,0.0048165
26.2,0.29197,0.44225,0.29487,0.43987,7.0209e-05,-0.00086271,-0.0096747,-0.0079364,0.066637,0.009577
26.25,0.29301,0.44204,0.29488,0.43983,7.1373e-05,-0.00062625,-0.0062101,-0.0073704,0.071204,0.013828
26.3,0.29411,0.4418,0.29488,0.43981,7.2722e-05,-0.00024456,-0.0025709,-0.0066094,0.073679,0.017495
26.35,0.29523,0.44151,0.29488,0.43981,7.4185e-05,-9.8543e-05,0.0011355,-0.005668,0.073921,0.020905
26.4,0.29633,0.44117,0.29489,0.4398,7.5672e-05,-9.6779e-05,0.0048009,-0.0045707,0.072089,0.023893
26.45,0.29739,0.4408,0.29489,0.4398,7.7274e-05,-9.4741e-05,0.0083241,-0.0033417,0.068165,0.026184
26.5,0.29838,0.4404,0.2949,0.43979,7.8816e-05,-9.2446e-05,0.0116,-0.0020156,0.06224,0.027704
26.55,0.29926,0.43998,0.2949,0.43979,8.0281e-05,-9.0008e-05,0.014533,-0.00063127,0.054494,0.028411
26.6,0.30001,0.43955,0.2949,0.43978,8.1616e-05,-8.7518e-05,0.017023,0.00077002,0.045112,0.028257
26.65,0.30061,0.43914,0.29491,0.43978,8.275e-05,-8.5016e-05,0.019004,0.0021448,0.034426,0.02727
26.7,0.30104,0.43874,0.29491,0.43978,8.3718e-05,-8.2689e-05,0.020419,0.0034521,0.022757,0.025483
26.75,0.30129,0.43837,0.29492,0.43977,8.4467e-05,-8.0585e-05,0.021254,0.0046588,0.010472,0.02298
26.8,0.30136,0.43805,0.29492,0.43977,8.4999e-05,-7.8848e-05,0.021461,0.0057267,-0.0021074,0.019802
26.85,0.30124,0.43778,0.29493,0.43976,8.5239e-05,-7.7406e-05,0.021043,0.0066263,-0.014609,0.016052
26.9,0.30093,0.43756,0.29493,0.43976,8.5203e-05,-7.6397e-05,0.019999,0.0073274,-0.026659,0.01183
26.95,0.30045,0.43741,0.29493,0.43976,8.4895e-05,-7.5827e-05,0.018381,0.0078164,-0.037923,0.0072735
27,0.2998,0.43733,0.29494,0.43975,8.4305e-05,-7.5776e-05,0.01622,0.0080733,-0.048053,0.002506
27.05,0.29902,0.43732,0.29494,0.43975,8.3485e-05,-7.6211e-05,0.01359,0.0080951,-0.056773,-0.002328
27.1,0.29811,0.43738,0.29495,0.43975,8.2416e-05,-7.7172e-05,0.010556,0.0078741,-0.063776,-0.0070845
27.15,0.29712,0.43751,0.29495,0.43974,8.1185e-05,-7.8646e-05,0.007226,0.0074289,-0.068948,-0.011631
27.2,0.29606,0.43771,0.29495,0.43974,7.9732e-05,-8.0572e-05,0.0036828,0.0067605,-0.072032,-0.015819
27.25,0.29497,0.43796,0.29496,0.43973,7.8216e-05,-8.2968e-05,4.0421e-05,0.0058963,-0.073003,-0.019535
27.3,0.29388,0.43827,0.29496,0.43973,7.659e-05,-8.5725e-05,-0.003595,0.0048616,-0.071834,-0.022669
27.35,0.29283,0.43862,0.29497,0.43972,7.4922e-05,-8.8789e-05,-0.0071191,0.0036881,-0.068584,-0.02514
27.4,0.29184,0.439,0.29497,0.43972,7.3245e-05,-9.2067e-05,-0.010427,0.002408,-0.063318,-0.026866
27.45,0.29095,0.4394,0.29497,0.43972,7.1651e-05,-9.5523e-05,-0.013427,0.0010603,-0.05622,-0.027807
27.5,0.29017,0.43981,0.29498,0.43971,7.0142e-05,-9.9026e-05,-0.016024,-0.0003166,-0.047467,-0.027923
27.55,0.28954,0.44018,0.29498,0.43968,6.8803e-05,-0.00078422,-0.018138,-0.0016554,-0.037328,-0.026398
27.6,0.28907,0.44048,0.29498,0.43961,6.7641e-05,-0.001855,-0.019712,-0.0028855,-0.026118,-0.023643
27.65,0.28878,0.44068,0.29499,0.43949,6.6691e-05,-0.0028524,-0.020697,-0.0039643,-0.014173,-0.020288
27.7,0.28866,0.44078,0.29499,0.43932,6.5974e-05,-0.0037131,-0.021101,-0.0048787,-0.0018629,-0.016541
27.75,0.28873,0.44079,0.29499,0.43911,6.5485e-05,-0.0043248,-0.020874,-0.0056024,0.010487,-0.012603
27.8,0.28898,0.44072,0.295,0.43888,6.5292e-05,-0.0047734,-0.020042,-0.006132,0.022512,-0.0085026
27.85,0.28941,0.44058,0.295,0.43864,6.5369e-05,-0.0050504,-0.018628,-0.0064624,0.033867,-0.0043654
27.9,0.29001,0.44036,0.295,0.43838,6.5723e-05,-0.0051536,-0.016651,-0.0065851,0.044176,-0.00030946
27.95,0.29075,0.44008,0.29501,0.43813,6.6293e-05,-0.0050961,-0.014202,-0.0065191,0.053198,0.0035546
28,0.29161,0.43976,0.29501,0.43788,6.7135e-05,-0.0049074,-0.011332,-0.0062658,0.0606,0.0071473
28.05,0.29257,0.4394,0.29501,0.43764,6.8145e-05,-0.0045786,-0.008144,-0.0058499,0.066251,0.010361
28.1,0.2936,0.43901,0.29502,0.43743,6.9372e-05,-0.0041547,-0.0047245,-0.0052877,0.069971,0.013157
28.15,0.29467,0.43861,0.29502,0.43723,7.0733e-05,-0.0036498,-0.0011705,-0.0045999,0.071646,0.015472
28.2,0.29575,0.43821,0.29502,0.43707,7.2184e-05,-0.0030835,0.002415,-0.0038102,0.07122,0.01726
28.25,0.29681,0.43781,0.29503,0.43693,7.3676e-05,-0.0024756,0.0059268,-0.0029445,0.068704,0.018492
28.3,0.29781,0.43743,0.29503,0.43683,7.5168e-05,-0.0018478,0.009262,-0.0020302,0.064175,0.019159
28.35,0.29873,0.43708,0.29504,0.43675,7.6621e-05,-0.0012256,0.012323,-0.0010942,0.057766,0.019272
28.4,0.29954,0.43676,0.29504,0.43671,7.7984e-05,-0.00062697,0.01502,-0.00016316,0.049669,0.018851
28.45,0.30022,0.43647,0.29504,0.43669,7.9221e-05,-9.9305e-05,0.017272,0.00073792,0.040117,0.017961
28.5,0.30075,0.43621,0.29505,0.43669,8.0287e-05,-9.8143e-05,0.019009,0.0016039,0.029385,0.017167
28.55,0.3011,0.43596,0.29505,0.43668,8.1138e-05,-9.6922e-05,0.020172,0.0024197,0.017798,0.015862
28.6,0.30128,0.43573,0.29506,0.43668,8.1765e-05,-9.5779e-05,0.02075,0.0031635,0.0057277,0.014101
28.65,0.30127,0.43553,0.29506,0.43667,8.2161e-05,-9.4849e-05,0.020716,0.0038123,-0.0064827,0.01193
28.7,0.30108,0.43537,0.29506,0.43667,8.229e-05,-9.4156e-05,0.020047,0.004342,-0.01845,0.0094018
28.75,0.30072,0.43524,0.29507,0.43666,8.2159e-05,-9.3714e-05,0.018832,0.0047511,-0.029872,0.0066248
28.8,0.30018,0.43516,0.29507,0.43666,8.1739e-05,-9.3626e-05,0.017045,0.0050141,-0.040357,0.0036515
28.85,0.29951,0.43511,0.29508,0.43666,8.1109e-05,-9.3813e-05,0.014785,0.0051362,-0.049686,0.00058386
28.9,0.29871,0.43512,0.29508,0.43665,8.0187e-05,-9.4341e-05,0.012096,0.0051083,-0.057558,-0.002498
28.95,0.2978,0.43517,0.29508,0.43665,7.9074e-05,-9.5181e-05,0.009044,0.0049256,-0.063669,-0.0054985
29,0.29681,0.43526,0.29509,0.43664,7.7826e-05,-9.6348e-05,0.0057391,0.0046018,-0.067937,-0.008334
29.05,0.29577,0.43539,0.29509,0.43664,7.6386e-05,-9.7796e-05,0.0022728,0.0041456,-0.070236,-0.010925
29.1,0.29472,0.43556,0.2951,0.43663,7.4828e-05,-9.95e-05,-0.0012566,0.0035655,-0.070419,-0.013183
29.15,0.29368,0.43574,0.2951,0.43661,7.3261e-05,-0.00049501,-0.0047411,0.0028972,-0.068542,-0.014581
29.2,0.29268,0.43591,0.2951,0.43657,7.1649e-05,-0.0011751,-0.0080845,0.0021803,-0.064712,-0.015224
29.25,0.29175,0.43606,0.29511,0.43649,7.0015e-05,-0.0018738,-0.011188,0.0014414,-0.058983,-0.015398
29.3,0.29092,0.43617,0.29511,0.43638,6.849e-05,-0.0025437,-0.013962,0.00070137,-0.051532,-0.015159
29.35,0.29022,0.43624,0.29511,0.43623,6.7086e-05,-0.0031645,-0.016316,-2.0009e-05,-0.042555,-0.014529
29.4,0.28966,0.43627,0.29512,0.43605,6.5844e-05,-0.0037389,-0.018192,-0.00070472,-0.032351,-0.013533
29.45,0.28926,0.43625,0.29512,0.43585,6.4774e-05,-0.0042426,-0.019528,-0.0013357,-0.021205,-0.012226
29.5,0.28904,0.4362,0.29512,0.43563,6.3932e-05,-0.0046698,-0.020275,-0.0018974,-0.0094482,-0.010647
29.55,0.289,0.4361,0.29513,0.43538,6.3331e-05,-0.0050261,-0.020431,-0.0023798,0.002549,-0.0088488
29.6,0.28914,0.43595,0.29513,0.43512,6.2973e-05,-0.0052884,-0.019967,-0.00277,0.014429,-0.0069013
29.65,0.28945,0.43577,0.29513,0.43485,6.2875e-05,-0.0054763,-0.018952,-0.0030704,0.02587,-0.0048585
29.7,0.28992,0.43556,0.29514,0.43458,6.3052e-05,-0.0055792,-0.017372,-0.0032701,0.03652,-0.0027751
29.75,0.29056,0.43531,0.29514,0.4343,6.3467e-05,-0.0055929,-0.015273,-0.0033675,0.046034,-0.00072104
29.8,0.29132,0.43503,0.29514,0.43402,6.4096e-05,-0.0055202,-0.012754,-0.0033732,0.054239,0.0012447
29.85,0.29218,0.43473,0.29514,0.43375,6.5003e-05,-0.0053933,-0.0098678,-0.0032874,0.060865,0.0031084
29.9,0.29314,0.43442,0.29515,0.43348,6.608e-05,-0.0052063,-0.0066875,-0.0031122,0.065633,0.0048036
29.95,0.29416,0.43409,0.29515,0.43323,6.7263e-05,-0.0049494,-0.00332,-0.0028602,0.068473,0.0062715
30,0.2952,0.43375,0.29515,0.43299,6.859e-05,-0.0046501,0.00013628,-0.0025423,0.069306,0.0075034
