0,0.019767,0.0082825,0,0,-0.027612,0.065962,0,0
0.01,0.021144,0.0078225,0,0,-0.026078,0.070564,0.05,0
0.02,0.022523,0.0069024,0,0,-0.02301,0.075166,0.05,0
0.03,0.0239,0.0064423,0,0,-0.021476,0.079768,0.05,0
0.04,0.024818,0.0055221,0,0,-0.018408,0.082836,0.05,0
0.05,0.025736,0.005062,0,0,-0.016874,0.085904,0.05,0
0.06,0.026712,0.004258,5.8157e-05,0.00011631,-0.013806,0.088972,0.05,0
0.07,0.027346,0.0035703,0.00023263,0.00034894,-0.010738,0.090506,0.05,0
0.08,0.027695,0.003459,0.00058157,0.00069789,-0.009204,0.090506,0.05,0
0.09,0.028677,0.0035223,0.001105,0.0012213,-0.00767,0.09204,0.05,0
0.1,0.029601,0.0035855,0.0015702,0.0017447,-0.006136,0.093574,0.05,0
0.11,0.030866,0.0037069,0.0019192,0.0023263,-0.004602,0.096642,0.05,0
0.12,0.031041,0.0037701,0.0020937,0.0028497,-0.003068,0.096642,0.09,0.04
0.13,0.030816,0.0037752,0.0023263,0.003315,-0.001534,0.095108,0.09,0.04
0.14,0.030765,0.0034363,0.0027334,0.0038965,0.001534,0.093574,0.09,0.04
0.15,0.03083,0.0039067,0.0032568,0.0048271,0.003068,0.09204,0.09,0.04
0.16,0.030785,0.0052443,0.0041292,0.0061647,0.003068,0.088972,0.09,0.04
0.17,0.031199,0.0060635,0.0050015,0.0074441,0.004602,0.087438,0.09,0.04
0.18,0.031671,0.007745,0.005932,0.0086654,0.003068,0.085904,0.09,0.04
0.19,0.031743,0.0090245,0.0069207,0.0099449,0.003068,0.082836,0.09,0.04
0.2,0.032273,0.01088,0.0079094,0.011341,0.001534,0.081302,0.09,0.04
0.21,0.031885,0.012276,0.0088981,0.012736,0.001534,0.0767,0.09,0.04
0.22,0.031672,0.013614,0.010061,0.014074,0.001534,0.072098,0.09,0.04
0.23,0.031975,0.014835,0.011283,0.015295,0.001534,0.06903,0.09,0.04
0.24,0.031819,0.01594,0.012504,0.0164,0.001534,0.064428,0.09,0.04
0.25,0.032122,0.017564,0.013725,0.017564,0,0.06136,0.09,0.04
0.26,0.032424,0.019647,0.014946,0.018727,-0.003068,0.058292,0.09,0.04
0.27,0.033069,0.021038,0.016051,0.019657,-0.004602,0.056758,0.09,0.04
0.28,0.032854,0.02237,0.017215,0.02053,-0.006136,0.052156,0.09,0.04
0.29,0.033098,0.023587,0.018378,0.021286,-0.00767,0.049088,0.09,0.04
0.3,0.032824,0.024226,0.019483,0.021925,-0.00767,0.044486,0.09,0.04
0.31,0.032433,0.024924,0.020471,0.022623,-0.00767,0.039884,0.09,0.04
0.32,0.032042,0.025564,0.02146,0.023263,-0.00767,0.035282,0.09,0.04
0.33,0.031651,0.026087,0.022449,0.023786,-0.00767,0.03068,0.09,0.04
0.34,0.031318,0.027013,0.023496,0.024252,-0.009204,0.026078,0.09,0.04
0.35,0.030926,0.027822,0.024484,0.024601,-0.010738,0.021476,0.09,0.04
0.36,0.030936,0.028689,0.025415,0.025008,-0.012272,0.018408,0.09,0.04
0.37,0.030026,0.029615,0.026345,0.025473,-0.013806,0.012272,0.09,0.04
0.38,0.02946,0.030482,0.027159,0.02588,-0.01534,0.00767,0.09,0.04
0.39,0.028952,0.030831,0.028032,0.026229,-0.01534,0.003068,0.09,0.04
0.4,0.028904,0.03072,0.028904,0.026578,-0.013806,0,0.09,0.04
0.41,0.028798,0.030434,0.029718,0.026752,-0.012272,-0.003068,0.09,0.04
0.42,0.028634,0.030148,0.030474,0.026927,-0.010738,-0.006136,0.09,0.04
0.43,0.028469,0.030323,0.03123,0.027101,-0.010738,-0.009204,0.09,0.04
0.44,0.028247,0.029979,0.031928,0.027218,-0.009204,-0.012272,0.09,0.04
0.45,0.028083,0.030037,0.032684,0.027276,-0.009204,-0.01534,0.09,0.04
0.46,0.028379,0.030037,0.03344,0.027276,-0.009204,-0.016874,0.09,0.04
0.47,0.029077,0.030037,0.034138,0.027276,-0.009204,-0.016874,0.09,0.04
0.48,0.029314,0.029577,0.034836,0.027276,-0.00767,-0.018408,0.09,0.04
0.49,0.029092,0.029058,0.035534,0.027218,-0.006136,-0.021476,0.09,0.04
0.5,0.02933,0.028598,0.036232,0.027218,-0.004602,-0.02301,0.09,0.04
0.51,0.029107,0.028138,0.03693,0.027218,-0.003068,-0.026078,0.09,0.04
0.52,0.028827,0.02762,0.03757,0.027159,-0.001534,-0.029146,0.09,0.04
0.53,0.029007,0.027159,0.038209,0.027159,0,-0.03068,0.09,0.04
0.54,0.029245,0.027159,0.038907,0.027159,0,-0.032214,0.09,0.04
0.55,0.029424,0.027159,0.039547,0.027159,0,-0.033748,0.09,0.04
0.56,0.029604,0.027159,0.040187,0.027159,0,-0.035282,0.09,0.04
0.57,0.029784,0.027159,0.040826,0.027159,0,-0.036816,0.09,0.04
0.58,0.030424,0.026757,0.041466,0.027218,0.001534,-0.036816,0.09,0.04
0.59,0.030662,0.026297,0.042164,0.027218,0.003068,-0.03835,0.09,0.04
0.6,0.031302,0.025837,0.042804,0.027218,0.004602,-0.03835,0.09,0.04
0.61,0.031482,0.024917,0.043444,0.027218,0.00767,-0.039884,0.09,0.04
0.62,0.032064,0.024456,0.044025,0.027218,0.009204,-0.039884,0.09,0.04
0.63,0.032243,0.024456,0.044665,0.027218,0.009204,-0.041418,0.09,0.04
0.64,0.032825,0.023938,0.045246,0.027159,0.010738,-0.041418,0.09,0.04
0.65,0.033465,0.023938,0.045886,0.027159,0.010738,-0.041418,0.09,0.04
0.66,0.034105,0.02388,0.046526,0.027101,0.010738,-0.041418,0.09,0.04
0.67,0.034745,0.02342,0.047166,0.027101,0.012272,-0.041418,0.09,0.04
0.68,0.035384,0.023478,0.047805,0.027159,0.012272,-0.041418,0.09,0.04
0.69,0.036024,0.023018,0.048445,0.027159,0.013806,-0.041418,0.09,0.04
0.7,0.036664,0.023018,0.049085,0.027159,0.013806,-0.041418,0.09,0.04
0.71,0.036844,0.022616,0.049725,0.027218,0.01534,-0.042952,0.09,0.04
0.72,0.037484,0.022616,0.050364,0.027218,0.01534,-0.042952,0.09,0.04
0.73,0.038066,0.022616,0.050946,0.027218,0.01534,-0.042952,0.09,0.04
0.74,0.039165,0.022616,0.051586,0.027218,0.01534,-0.041418,0.09,0.04
0.75,0.039747,0.022616,0.052167,0.027218,0.01534,-0.041418,0.09,0.04
0.76,0.040329,0.022098,0.052749,0.027159,0.016874,-0.041418,0.09,0.04
0.77,0.04137,0.022098,0.05333,0.027159,0.016874,-0.039884,0.09,0.04
0.78,0.04247,0.021637,0.05397,0.027159,0.018408,-0.03835,0.09,0.04
0.79,0.043511,0.021177,0.054552,0.027159,0.019942,-0.036816,0.09,0.04
0.8,0.044553,0.021177,0.055133,0.027159,0.019942,-0.035282,0.09,0.04
0.81,0.045135,0.020717,0.055715,0.027159,0.021476,-0.035282,0.09,0.04
0.82,0.046636,0.020717,0.056296,0.027159,0.021476,-0.032214,0.09,0.04
0.83,0.047677,0.020717,0.056878,0.027159,0.021476,-0.03068,0.09,0.04
0.84,0.048719,0.020717,0.057459,0.027159,0.021476,-0.029146,0.09,0.04
0.85,0.04976,0.020775,0.058041,0.027218,0.021476,-0.027612,0.09,0.04
0.86,0.050802,0.020775,0.058623,0.027218,0.021476,-0.026078,0.09,0.04
0.87,0.051785,0.020775,0.059146,0.027218,0.021476,-0.024544,0.09,0.04
0.88,0.052827,0.020775,0.059728,0.027218,0.021476,-0.02301,0.09,0.04
0.89,0.05381,0.020775,0.060251,0.027218,0.021476,-0.021476,0.09,0.04
0.9,0.054852,0.020775,0.060833,0.027218,0.021476,-0.019942,0.09,0.04
0.91,0.056295,0.020775,0.061356,0.027218,0.021476,-0.016874,0.09,0.04
0.92,0.057279,0.020717,0.061879,0.027159,0.021476,-0.01534,0.09,0.04
0.93,0.058262,0.020717,0.062403,0.027159,0.021476,-0.013806,0.09,0.04
0.94,0.059706,0.020717,0.062926,0.027159,0.021476,-0.010738,0.09,0.04
0.95,0.060689,0.020717,0.06345,0.027159,0.021476,-0.009204,0.09,0.04
0.96,0.062133,0.020717,0.063973,0.027159,0.021476,-0.006136,0.09,0.04
0.97,0.063058,0.020717,0.064438,0.027159,0.021476,-0.004602,0.09,0.04
0.98,0.064443,0.020717,0.064904,0.027159,0.021476,-0.001534,0.09,0.04
0.99,0.065427,0.020775,0.065427,0.027218,0.021476,0,0.09,0.04
1,0.066812,0.020775,0.065892,0.027218,0.021476,0.003068,0.09,0.04
1.01,0.068256,0.020775,0.066416,0.027218,0.021476,0.006136,0.09,0.04
1.02,0.069181,0.020775,0.066881,0.027218,0.021476,0.00767,0.09,0.04
1.03,0.070567,0.021235,0.067346,0.027218,0.019942,0.010738,0.09,0.04
1.04,0.071952,0.021294,0.067811,0.027276,0.019942,0.013806,0.09,0.09
1.05,0.072878,0.021812,0.068277,0.027334,0.018408,0.01534,0.09,0.09
1.06,0.073803,0.022505,0.068742,0.027567,0.016874,0.016874,0.09,0.09
1.07,0.073808,0.023488,0.069207,0.02809,0.01534,0.01534,0.09,0.09
1.08,0.072893,0.024879,0.069672,0.02902,0.013806,0.010738,0.09,0.09
1.09,0.07192,0.026444,0.07008,0.030125,0.012272,0.006136,0.09,0.09
1.1,0.071867,0.028125,0.070487,0.031347,0.010738,0.004602,0.09,0.09
1.11,0.072216,0.029923,0.070836,0.032684,0.009204,0.004602,0.09,0.09
1.12,0.073544,0.031203,0.071243,0.033964,0.009204,0.00767,0.09,0.09
1.13,0.074871,0.032598,0.07165,0.03536,0.009204,0.010738,0.09,0.09
1.14,0.07522,0.033418,0.071999,0.036639,0.010738,0.010738,0.09,0.09
1.15,0.074188,0.034814,0.072348,0.038035,0.010738,0.006136,0.09,0.09
1.16,0.072697,0.036267,0.072697,0.039489,0.010738,0,0.09,0.09
1.17,0.071665,0.037489,0.073046,0.04071,0.010738,-0.004602,0.09,0.09
1.18,0.071554,0.038419,0.073395,0.041641,0.010738,-0.006136,0.09,0.09
1.19,0.071903,0.039694,0.073743,0.042455,0.009204,-0.006136,0.09,0.09
1.2,0.072654,0.040508,0.074034,0.043269,0.009204,-0.004602,0.09,0.09
1.21,0.073923,0.041724,0.074383,0.044025,0.00767,-0.001534,0.09,0.09
1.22,0.074214,0.042364,0.074674,0.044665,0.00767,-0.001534,0.09,0.09
1.23,0.074044,0.043406,0.074965,0.045246,0.006136,-0.003068,0.09,0.09
1.24,0.073817,0.044331,0.075197,0.045712,0.004602,-0.004602,0.09,0.09
1.25,0.074108,0.045431,0.075488,0.046351,0.003068,-0.004602,0.09,0.09
1.26,0.074398,0.046647,0.075779,0.047107,0.001534,-0.004602,0.09,0.09
1.27,0.074689,0.047747,0.07607,0.047747,0,-0.004602,0.09,0.09
1.28,0.074922,0.048731,0.076302,0.048271,-0.001534,-0.004602,0.09,0.09
1.29,0.075154,0.049312,0.076535,0.048852,-0.001534,-0.004602,0.09,0.09
1.3,0.074985,0.049894,0.076826,0.049434,-0.001534,-0.006136,0.09,0.09
1.31,0.074297,0.050592,0.077058,0.050132,-0.001534,-0.009204,0.09,0.09
1.32,0.07407,0.050771,0.077291,0.050771,0,-0.010738,0.09,0.09
1.33,0.074244,0.051353,0.077466,0.051353,0,-0.010738,0.09,0.09
1.34,0.074879,0.051876,0.07764,0.051876,0,-0.009204,0.09,0.09
1.35,0.075514,0.052458,0.077814,0.052458,0,-0.00767,0.09,0.09
1.36,0.076148,0.053039,0.077989,0.053039,0,-0.006136,0.09,0.09
1.37,0.076323,0.053679,0.078163,0.053679,0,-0.006136,0.09,0.09
1.38,0.076555,0.054261,0.078396,0.054261,0,-0.006136,0.09,0.09
1.39,0.07719,0.054842,0.078571,0.054842,0,-0.004602,0.09,0.09
1.4,0.077364,0.055424,0.078745,0.055424,0,-0.004602,0.09,0.09
1.41,0.078459,0.056524,0.078919,0.056064,-0.001534,-0.001534,0.09,0.09
1.42,0.079094,0.057105,0.079094,0.056645,-0.001534,0,0.09,0.09
1.43,0.079729,0.058205,0.079268,0.057285,-0.003068,0.001534,0.09,0.09
1.44,0.080305,0.059189,0.079385,0.057808,-0.004602,0.003068,0.09,0.09
1.45,0.08094,0.059712,0.079559,0.058332,-0.004602,0.004602,0.09,0.09
1.46,0.081114,0.060178,0.079734,0.058797,-0.004602,0.004602,0.09,0.09
1.47,0.081231,0.060701,0.07985,0.05932,-0.004602,0.004602,0.09,0.09
1.48,0.081347,0.061283,0.079966,0.059902,-0.004602,0.004602,0.09,0.09
1.49,0.081521,0.061806,0.080141,0.060425,-0.004602,0.004602,0.09,0.09
1.5,0.081638,0.061927,0.080257,0.061007,-0.003068,0.004602,0.09,0.09
1.51,0.081754,0.062451,0.080373,0.06153,-0.003068,0.004602,0.09,0.09
1.52,0.08187,0.062572,0.08049,0.062112,-0.001534,0.004602,0.09,0.09
1.53,0.081468,0.063096,0.080548,0.062635,-0.001534,0.003068,0.09,0.09
1.54,0.081585,0.063275,0.080664,0.063275,0,0.003068,0.09,0.09
1.55,0.081643,0.063799,0.080722,0.063799,0,0.003068,0.09,0.09
1.56,0.081759,0.06392,0.080839,0.06438,0.001534,0.003068,0.09,0.09
1.57,0.082277,0.064385,0.080897,0.064845,0.001534,0.004602,0.09,0.09
1.58,0.082854,0.06485,0.081013,0.065311,0.001534,0.006136,0.09,0.09
1.59,0.08343,0.065776,0.081129,0.065776,0,0.00767,0.09,0.09
1.6,0.084007,0.066183,0.081246,0.066183,0,0.009204,0.09,0.09
1.61,0.084525,0.067108,0.081304,0.066648,-0.001534,0.010738,0.09,0.09
1.62,0.085102,0.067516,0.08142,0.067055,-0.001534,0.012272,0.09,0.09
1.63,0.085678,0.067981,0.081537,0.067521,-0.001534,0.013806,0.09,0.09
1.64,0.085795,0.068446,0.081653,0.067986,-0.001534,0.013806,0.09,0.09
1.65,0.086371,0.06897,0.081769,0.068509,-0.001534,0.01534,0.09,0.09
1.66,0.086889,0.069493,0.081827,0.069033,-0.001534,0.016874,0.09,0.09
1.67,0.087006,0.069614,0.081944,0.069614,0,0.016874,0.09,0.09
1.68,0.087064,0.069678,0.082002,0.070138,0.001534,0.016874,0.09,0.09
1.69,0.087064,0.069741,0.082002,0.070661,0.003068,0.016874,0.09,0.09
1.7,0.086662,0.069746,0.08206,0.071126,0.004602,0.01534,0.09,0.09
1.71,0.08672,0.070211,0.082118,0.071592,0.004602,0.01534,0.09,0.09
1.72,0.086836,0.070216,0.082234,0.072057,0.006136,0.01534,0.35,0.35
1.73,0.086894,0.070623,0.082293,0.072464,0.006136,0.01534,0.35,0.35
1.74,0.086551,0.071263,0.082409,0.073104,0.006136,0.013806,0.35,0.35
1.75,0.085413,0.072315,0.083572,0.074616,0.00767,0.006136,0.35,0.35
1.76,0.081461,0.076313,0.085142,0.077233,0.003068,-0.012272,0.35,0.35
1.77,0.078372,0.080945,0.086654,0.080024,-0.003068,-0.027612,0.35,0.35
1.78,0.078161,0.086846,0.088283,0.083165,-0.012272,-0.033748,0.35,0.35
1.79,0.080484,0.093615,0.090144,0.086713,-0.02301,-0.032214,0.35,0.35
1.8,0.083156,0.10056,0.092354,0.090435,-0.033748,-0.03068,0.35,0.35
1.81,0.085836,0.10756,0.095029,0.094215,-0.044486,-0.03068,0.35,0.35
1.82,0.085532,0.11334,0.097937,0.097704,-0.052156,-0.041418,0.35,0.35
1.83,0.083053,0.1181,0.10096,0.10108,-0.056758,-0.059826,0.35,0.35
1.84,0.081495,0.12228,0.10399,0.1048,-0.058292,-0.075166,0.35,0.35
1.85,0.081832,0.12628,0.10707,0.10835,-0.059826,-0.08437,0.35,0.35
1.86,0.084638,0.13121,0.11032,0.11189,-0.064428,-0.085904,0.35,0.35
1.87,0.088479,0.13659,0.1137,0.11544,-0.070564,-0.08437,0.35,0.35
1.88,0.09056,0.14359,0.11713,0.11922,-0.081302,-0.088972,0.35,0.35
1.89,0.090819,0.15018,0.12056,0.12306,-0.090506,-0.09971,0.35,0.35
1.9,0.091084,0.15619,0.12399,0.12678,-0.098176,-0.11045,0.35,0.35
1.91,0.091802,0.1614,0.12742,0.13062,-0.10278,-0.11965,0.35,0.35
1.92,0.09383,0.16644,0.1308,0.13429,-0.10738,-0.12425,0.35,0.35
1.93,0.096813,0.1705,0.13423,0.13789,-0.10891,-0.12579,0.35,0.35
1.94,0.098852,0.17582,0.1376,0.14138,-0.11505,-0.13039,0.35,0.35
1.95,0.1004,0.18205,0.14092,0.14487,-0.12425,-0.13653,0.35,0.35
1.96,0.10107,0.18896,0.14423,0.14813,-0.13653,-0.14573,0.35,0.35
1.97,0.1031,0.19529,0.14755,0.15127,-0.14726,-0.15033,0.35,0.35
1.98,0.10636,0.2011,0.15074,0.15435,-0.15647,-0.15033,0.35,0.35
1.99,0.10993,0.2052,0.15383,0.15708,-0.16107,-0.1488,0.35,0.35
2,0.11341,0.20832,0.15685,0.15976,-0.1626,-0.14726,0.35,0.35
2.01,0.11604,0.21077,0.15993,0.1622,-0.1626,-0.1488,0.35,0.35
2.02,0.11811,0.21315,0.1629,0.16459,-0.1626,-0.15187,0.35,0.35
2.03,0.1209,0.21554,0.16569,0.16697,-0.1626,-0.15187,0.35,0.35
2.04,0.12398,0.21826,0.16831,0.16924,-0.16414,-0.15033,0.35,0.35
2.05,0.12829,0.22092,0.17081,0.17145,-0.16567,-0.1442,0.35,0.35
2.06,0.13157,0.22313,0.17319,0.17366,-0.16567,-0.14113,0.35,0.35
2.07,0.13478,0.22443,0.17552,0.17587,-0.1626,-0.13806,0.35,0.35
2.08,0.13785,0.22477,0.17773,0.17802,-0.15647,-0.13499,0.35,0.35
2.09,0.14175,0.22407,0.17988,0.18006,-0.14726,-0.12886,0.35,0.35
2.1,0.14605,0.22355,0.18197,0.18227,-0.13806,-0.12119,0.35,0.35
2.11,0.14992,0.22354,0.18407,0.18453,-0.13039,-0.11505,0.35,0.35
2.12,0.15324,0.22444,0.18605,0.1868,-0.12579,-0.11045,0.35,0.35
2.13,0.15646,0.22619,0.18791,0.18901,-0.12425,-0.10585,0.35,0.35
2.14,0.16064,0.22806,0.18983,0.19134,-0.12272,-0.098176,0.35,0.35
2.15,0.16483,0.22999,0.19174,0.19372,-0.12119,-0.090506,0.35,0.35
2.16,0.16867,0.23106,0.19378,0.19616,-0.11658,-0.08437,0.35,0.35
2.17,0.17252,0.23213,0.19582,0.19861,-0.11198,-0.078234,0.35,0.35
2.18,0.17635,0.23171,0.19785,0.20093,-0.10278,-0.072098,0.35,0.35
2.19,0.1802,0.23175,0.19989,0.20326,-0.095108,-0.065962,0.35,0.35
2.2,0.18405,0.23173,0.20192,0.20553,-0.087438,-0.059826,0.35,0.35
2.21,0.18785,0.23222,0.2039,0.20785,-0.081302,-0.05369,0.35,0.35
2.22,0.19171,0.23283,0.20594,0.2103,-0.075166,-0.047554,0.35,0.35
2.23,0.19518,0.23337,0.20803,0.21268,-0.06903,-0.042952,0.35,0.35
2.24,0.19916,0.233,0.21018,0.21507,-0.059826,-0.036816,0.35,0.35
2.25,0.20268,0.23217,0.21233,0.21745,-0.049088,-0.032214,0.35,0.35
2.26,0.20707,0.23099,0.21443,0.21995,-0.036816,-0.024544,0.35,0.35
2.27,0.21152,0.23027,0.21658,0.22245,-0.026078,-0.016874,0.35,0.35
2.28,0.21683,0.22904,0.21867,0.22489,-0.013806,-0.006136,0.35,0.35
2.29,0.2222,0.22837,0.22082,0.22745,-0.003068,0.004602,0.35,0.35
2.3,0.22758,0.22765,0.22298,0.22995,0.00767,0.01534,0.35,0.35
2.31,0.23347,0.22687,0.22519,0.2324,0.018408,0.027612,0.35,0.35
2.32,0.23895,0.2261,0.22745,0.23484,0.029146,0.03835,0.35,0.35
2.33,0.24449,0.22584,0.22978,0.23734,0.03835,0.049088,0.35,0.35
2.34,0.24865,0.22662,0.23211,0.23996,0.044486,0.055224,0.35,0.35
2.35,0.25281,0.22739,0.23443,0.24257,0.050622,0.06136,0.35,0.35
2.36,0.25656,0.22875,0.23682,0.24531,0.055224,0.065962,0.35,0.35
2.37,0.26037,0.23051,0.23926,0.24798,0.058292,0.070564,0.35,0.35
2.38,0.26419,0.23238,0.2417,0.25077,0.06136,0.075166,0.35,0.35
2.39,0.26846,0.23425,0.24414,0.25357,0.064428,0.081302,0.35,0.35
2.4,0.27273,0.23624,0.24659,0.25647,0.067496,0.087438,0.35,0.35
2.41,0.27659,0.2372,0.24909,0.25927,0.073632,0.09204,0.35,0.35
2.42,0.27999,0.23821,0.25159,0.26212,0.079768,0.095108,0.35,0.35
2.43,0.28287,0.23871,0.25403,0.26491,0.087438,0.096642,0.35,0.35
2.44,0.2858,0.23915,0.25653,0.26764,0.095108,0.098176,0.35,0.35
2.45,0.28874,0.23959,0.25903,0.27037,0.10278,0.09971,0.35,0.35
2.46,0.29207,0.24038,0.26148,0.27299,0.10891,0.10278,0.35,0.35
2.47,0.29586,0.24128,0.26392,0.27572,0.11505,0.10738,0.35,0.35
2.48,0.30011,0.24305,0.26636,0.2784,0.11812,0.11352,0.35,0.35
2.49,0.30435,0.24475,0.2688,0.28102,0.12119,0.11965,0.35,0.35
2.5,0.30814,0.24657,0.27125,0.28375,0.12425,0.12425,0.35,0.35
2.51,0.31193,0.24879,0.27369,0.28642,0.12579,0.12886,0.35,0.35
2.52,0.31567,0.25101,0.27607,0.2891,0.12732,0.13346,0.35,0.35
2.53,0.31894,0.25271,0.27846,0.29172,0.13039,0.13653,0.35,0.35
2.54,0.32227,0.25442,0.2809,0.29433,0.13346,0.13959,0.35,0.35
2.55,0.32464,0.25612,0.28328,0.29695,0.13653,0.13959,0.35,0.35
2.56,0.32707,0.25822,0.28573,0.29951,0.13806,0.13959,0.35,0.35
2.57,0.329,0.26027,0.28811,0.30201,0.13959,0.13806,0.35,0.35
2.58,0.33093,0.26283,0.2905,0.30457,0.13959,0.13653,0.35,0.35
2.59,0.33286,0.26539,0.29288,0.30713,0.13959,0.13499,0.35,0.35
2.6,0.33475,0.26834,0.29521,0.30963,0.13806,0.13346,0.35,0.35
2.61,0.33618,0.2713,0.29753,0.31213,0.13653,0.13039,0.35,0.35
2.62,0.33812,0.2742,0.29992,0.31457,0.13499,0.12886,0.35,0.35
2.63,0.33955,0.27716,0.30224,0.31707,0.13346,0.12579,0.35,0.35
2.64,0.34137,0.28,0.30451,0.31946,0.13192,0.12425,0.35,0.35
2.65,0.34314,0.28329,0.30672,0.32184,0.12886,0.12272,0.35,0.35
2.66,0.34491,0.28653,0.30893,0.32417,0.12579,0.12119,0.35,0.35
2.67,0.34714,0.2896,0.31114,0.32632,0.12272,0.12119,0.35,0.35
2.68,0.3497,0.29249,0.31324,0.3283,0.11965,0.12272,0.35,0.35
2.69,0.3518,0.29532,0.31533,0.33022,0.11658,0.12272,0.35,0.35
2.7,0.3534,0.2981,0.31736,0.33208,0.11352,0.12119,0.35,0.35
2.71,0.35493,0.30076,0.31934,0.33382,0.11045,0.11965,0.35,0.35
2.72,0.35647,0.3033,0.32132,0.33545,0.10738,0.11812,0.35,0.35
2.73,0.35794,0.30533,0.32324,0.33702,0.10585,0.11658,0.35,0.35
2.74,0.35839,0.30781,0.32504,0.33859,0.10278,0.11198,0.35,0.35
2.75,0.35889,0.31036,0.3269,0.34022,0.09971,0.10738,0.35,0.35
2.76,0.35882,0.31239,0.32865,0.34179,0.098176,0.10124,0.35,0.35
2.77,0.35875,0.31487,0.33039,0.34336,0.095108,0.095108,0.35,0.35
2.78,0.35908,0.31736,0.33208,0.34493,0.09204,0.090506,0.35,0.35
2.79,0.35986,0.31984,0.33376,0.3465,0.088972,0.087438,0.35,0.35
2.8,0.36104,0.32262,0.33539,0.3479,0.08437,0.085904,0.35,0.35
2.81,0.36171,0.32533,0.33696,0.34923,0.079768,0.082836,0.35,0.35
2.82,0.36232,0.32844,0.33848,0.35051,0.073632,0.079768,0.35,0.35
2.83,0.36241,0.33144,0.33993,0.35168,0.067496,0.075166,0.35,0.35
2.84,0.3625,0.33485,0.34138,0.35278,0.059826,0.070564,0.35,0.36
2.85,0.36247,0.33831,0.34272,0.35395,0.052156,0.065962,0.35,0.36
2.86,0.36335,0.34165,0.34406,0.35499,0.044486,0.064428,0.35,0.36
2.87,0.36372,0.34454,0.34534,0.35604,0.03835,0.06136,0.36,0.37
2.88,0.36397,0.34742,0.3465,0.35709,0.032214,0.058292,0.36,0.37
2.89,0.36468,0.34979,0.34766,0.35807,0.027612,0.056758,0.36,0.37
2.9,0.36481,0.35176,0.34871,0.35912,0.024544,0.05369,0.36,0.37
2.91,0.36442,0.35419,0.3497,0.36017,0.019942,0.049088,0.36,0.37
2.92,0.36317,0.35627,0.35075,0.36133,0.016874,0.041418,0.36,0.37
2.93,0.36134,0.35829,0.35168,0.36244,0.013806,0.032214,0.36,0.37
2.94,0.35997,0.36038,0.35261,0.3636,0.010738,0.024544,0.36,0.37
2.95,0.3594,0.36286,0.35342,0.3647,0.006136,0.019942,0.34,0.39
2.96,0.35838,0.36489,0.35424,0.36581,0.003068,0.013806,0.34,0.39
2.97,0.35689,0.36726,0.35505,0.3668,-0.001534,0.006136,0.34,0.39
2.98,0.35483,0.37015,0.35575,0.36785,-0.00767,-0.003068,0.34,0.39
2.99,0.35277,0.37338,0.35645,0.36878,-0.01534,-0.012272,0.32,0.39
3,0.35157,0.37621,0.35709,0.36976,-0.021476,-0.018408,0.32,0.39
3.01,0.35071,0.37904,0.35761,0.37075,-0.027612,-0.02301,0.32,0.39
3.02,0.35072,0.38181,0.35807,0.37168,-0.033748,-0.024544,0.32,0.39
3.03,0.35095,0.3836,0.35831,0.37256,-0.036816,-0.024544,0.32,0.39
3.04,0.35101,0.38493,0.35837,0.37343,-0.03835,-0.024544,0.32,0.39
3.05,0.35049,0.38574,0.35831,0.37424,-0.03835,-0.026078,0.32,0.39
3.06,0.3494,0.38696,0.35813,0.375,-0.039884,-0.029146,0.32,0.39
3.07,0.34727,0.38812,0.35784,0.3757,-0.041418,-0.035282,0.32,0.39
3.08,0.34554,0.38962,0.35749,0.37628,-0.044486,-0.039884,0.32,0.39
3.09,0.34393,0.39066,0.35726,0.37686,-0.04602,-0.044486,0.32,0.39
3.1,0.3433,0.39164,0.35709,0.37738,-0.047554,-0.04602,0.32,0.39
3.11,0.34261,0.39205,0.35685,0.37779,-0.047554,-0.047554,0.32,0.39
3.12,0.34197,0.392,0.35668,0.3782,-0.04602,-0.049088,0.32,0.39
3.13,0.34088,0.39143,0.3565,0.37855,-0.042952,-0.052156,0.32,0.39
3.14,0.33938,0.39126,0.35639,0.37884,-0.041418,-0.056758,0.32,0.39
3.15,0.33789,0.39149,0.35627,0.37907,-0.041418,-0.06136,0.31,0.4
3.16,0.33692,0.39178,0.35621,0.37936,-0.041418,-0.064428,0.31,0.4
3.17,0.33634,0.39201,0.3561,0.37959,-0.041418,-0.065962,0.31,0.4
3.18,0.33622,0.39185,0.35598,0.37988,-0.039884,-0.065962,0.31,0.4
3.19,0.33611,0.39219,0.35586,0.38023,-0.039884,-0.065962,0.31,0.4
3.2,0.33639,0.39208,0.35569,0.38058,-0.03835,-0.064428,0.31,0.4
3.21,0.33616,0.39203,0.35546,0.38099,-0.036816,-0.064428,0.31,0.4
3.22,0.33592,0.39198,0.35522,0.3814,-0.035282,-0.064428,0.31,0.4
3.23,0.33615,0.39239,0.35499,0.3818,-0.035282,-0.062894,0.31,0.4
3.24,0.33643,0.39273,0.35482,0.38215,-0.035282,-0.06136,0.31,0.4
3.25,0.33626,0.39354,0.35464,0.3825,-0.036816,-0.06136,0.31,0.4
3.26,0.33603,0.39395,0.35441,0.38291,-0.036816,-0.06136,0.31,0.4
3.27,0.33585,0.39424,0.35424,0.3832,-0.036816,-0.06136,0.31,0.4
3.28,0.33568,0.39413,0.35406,0.38355,-0.035282,-0.06136,0.31,0.4
3.29,0.33596,0.39402,0.35389,0.3839,-0.033748,-0.059826,0.31,0.4
3.3,0.33584,0.39379,0.35377,0.38413,-0.032214,-0.059826,0.31,0.4
3.31,0.33567,0.39362,0.3536,0.38442,-0.03068,-0.059826,0.31,0.4
3.32,0.33555,0.39345,0.35348,0.38471,-0.029146,-0.059826,0.31,0.4
3.33,0.33543,0.39323,0.35336,0.38494,-0.027612,-0.059826,0.31,0.4
3.34,0.33618,0.3926,0.35319,0.38523,-0.024544,-0.056758,0.31,0.4
3.35,0.33652,0.39243,0.35307,0.38552,-0.02301,-0.055224,0.31,0.4
3.36,0.33732,0.39186,0.35296,0.38587,-0.019942,-0.052156,0.31,0.4
3.37,0.33818,0.39077,0.3529,0.38616,-0.01534,-0.049088,0.31,0.4
3.38,0.33852,0.3902,0.35278,0.38651,-0.012272,-0.047554,0.31,0.4
3.39,0.33938,0.38922,0.35272,0.38692,-0.00767,-0.044486,0.31,0.4
3.4,0.34076,0.38865,0.35272,0.38727,-0.004602,-0.039884,0.31,0.4
3.41,0.34208,0.38854,0.35267,0.38762,-0.003068,-0.035282,0.31,0.4
3.42,0.34254,0.38843,0.35267,0.38797,-0.001534,-0.033748,0.31,0.4
3.43,0.34346,0.38832,0.35267,0.38832,0,-0.03068,0.31,0.4
3.44,0.34392,0.38872,0.35267,0.38872,0,-0.029146,0.31,0.4
3.45,0.34484,0.38867,0.35267,0.38913,0.001534,-0.026078,0.31,0.4
3.46,0.34576,0.38862,0.35267,0.38954,0.003068,-0.02301,0.31,0.4
3.47,0.34622,0.38908,0.35267,0.39,0.003068,-0.021476,0.31,0.4
3.48,0.34668,0.38909,0.35267,0.39047,0.004602,-0.019942,0.31,0.4
3.49,0.34714,0.38909,0.35267,0.39093,0.006136,-0.018408,0.31,0.4
3.5,0.34806,0.38962,0.35267,0.39146,0.006136,-0.01534,0.31,0.4
3.51,0.34852,0.38968,0.35267,0.39198,0.00767,-0.013806,0.31,0.4
3.52,0.34944,0.38928,0.35267,0.3925,0.010738,-0.010738,0.31,0.4
3.53,0.35037,0.38889,0.35267,0.39303,0.013806,-0.00767,0.31,0.4
3.54,0.35129,0.38849,0.35267,0.39355,0.016874,-0.004602,0.31,0.4
3.55,0.35267,0.38809,0.35267,0.39407,0.019942,0,0.31,0.4
3.56,0.35405,0.38769,0.35267,0.3946,0.02301,0.004602,0.31,0.4
3.57,0.35589,0.3873,0.35267,0.39512,0.026078,0.010738,0.31,0.4
3.58,0.35727,0.38696,0.35267,0.3957,0.029146,0.01534,0.31,0.4
3.59,0.35819,0.38708,0.35267,0.39628,0.03068,0.018408,0.31,0.4
3.6,0.3591,0.3868,0.35267,0.39692,0.033748,0.021476,0.31,0.4
3.61,0.35956,0.38744,0.35267,0.39756,0.033748,0.02301,0.31,0.4
3.62,0.36008,0.38768,0.35272,0.39826,0.035282,0.024544,0.31,0.4
3.63,0.36054,0.38798,0.35272,0.39902,0.036816,0.026078,0.31,0.4
3.64,0.36054,0.38867,0.35272,0.39972,0.036816,0.026078,0.31,0.4
3.65,0.36094,0.38943,0.35267,0.40047,0.036816,0.027612,0.31,0.4
3.66,0.36094,0.39019,0.35267,0.40123,0.036816,0.027612,0.31,0.4
3.67,0.3614,0.39134,0.35267,0.40193,0.035282,0.029146,0.31,0.4
3.68,0.36192,0.39204,0.35272,0.40262,0.035282,0.03068,0.31,0.4
3.69,0.36238,0.3932,0.35272,0.40332,0.033748,0.032214,0.31,0.4
3.7,0.36284,0.39384,0.35272,0.40396,0.033748,0.033748,0.31,0.4
3.71,0.36324,0.39454,0.35267,0.40466,0.033748,0.035282,0.31,0.4
3.72,0.3637,0.39518,0.35267,0.4053,0.033748,0.036816,0.31,0.4
3.73,0.36462,0.39587,0.35267,0.406,0.033748,0.039884,0.31,0.4
3.74,0.36514,0.39657,0.35272,0.40669,0.033748,0.041418,0.31,0.4
3.75,0.36606,0.39727,0.35272,0.40739,0.033748,0.044486,0.31,0.4
3.76,0.36652,0.39751,0.35272,0.40809,0.035282,0.04602,0.31,0.4
3.77,0.36698,0.39775,0.35272,0.40879,0.036816,0.047554,0.31,0.4
3.78,0.36692,0.39804,0.35267,0.40954,0.03835,0.047554,0.31,0.4
3.79,0.36692,0.39874,0.35267,0.41024,0.03835,0.047554,0.31,0.4
3.8,0.36692,0.39898,0.35267,0.41094,0.039884,0.047554,0.31,0.4
3.81,0.36697,0.39968,0.35272,0.41164,0.039884,0.047554,0.31,0.4
3.82,0.36697,0.40083,0.35272,0.41234,0.03835,0.047554,0.31,0.4
3.83,0.36697,0.40147,0.35272,0.41298,0.03835,0.047554,0.31,0.4
3.84,0.36652,0.40257,0.35272,0.41361,0.036816,0.04602,0.31,0.4
3.85,0.366,0.40367,0.35267,0.41425,0.035282,0.044486,0.31,0.4
3.86,0.366,0.40477,0.35267,0.41489,0.033748,0.044486,0.31,0.4
3.87,0.36554,0.40581,0.35267,0.41548,0.032214,0.042952,0.31,0.4
3.88,0.3656,0.40691,0.35272,0.41612,0.03068,0.042952,0.31,0.4
3.89,0.3656,0.40795,0.35272,0.4167,0.029146,0.042952,0.31,0.4
3.9,0.36606,0.40894,0.35272,0.41722,0.027612,0.044486,0.31,0.4
3.91,0.366,0.40998,0.35267,0.4178,0.026078,0.044486,0.31,0.4
3.92,0.36646,0.4105,0.35267,0.41833,0.026078,0.04602,0.31,0.4
3.93,0.36646,0.41149,0.35267,0.41885,0.024544,0.04602,0.31,0.4
3.94,0.36652,0.41195,0.35272,0.41931,0.024544,0.04602,0.31,0.4
3.95,0.36652,0.41248,0.35272,0.41984,0.024544,0.04602,0.31,0.4
3.96,0.36652,0.4134,0.35272,0.4203,0.02301,0.04602,0.31,0.4
3.97,0.36652,0.41438,0.35272,0.42083,0.021476,0.04602,0.31,0.4
3.98,0.366,0.41531,0.35267,0.42129,0.019942,0.044486,0.31,0.4
3.99,0.36509,0.41623,0.35267,0.42176,0.018408,0.041418,0.31,0.4
4,0.36417,0.41768,0.35267,0.42228,0.01534,0.03835,0.31,0.4
4.01,0.36331,0.4186,0.35272,0.42275,0.013806,0.035282,0.31,0.4
4.02,0.36285,0.41999,0.35272,0.42321,0.010738,0.033748,0.31,0.4
4.03,0.36193,0.42132,0.35272,0.42362,0.00767,0.03068,0.31,0.4
4.04,0.36141,0.42218,0.35267,0.42402,0.006136,0.029146,0.31,0.4
4.05,0.36095,0.42345,0.35267,0.42437,0.003068,0.027612,0.31,0.4
4.06,0.36049,0.42426,0.35267,0.42472,0.001534,0.026078,0.31,0.4
4.07,0.36049,0.42501,0.35267,0.42501,0,0.026078,0.31,0.4
4.08,0.36049,0.42576,0.35267,0.4253,-0.001534,0.026078,0.31,0.4
4.09,0.36049,0.42646,0.35267,0.42554,-0.003068,0.026078,0.31,0.4
4.1,0.36049,0.42715,0.35267,0.42577,-0.004602,0.026078,0.31,0.4
4.11,0.36003,0.42784,0.35267,0.426,-0.006136,0.024544,0.31,0.4
4.12,0.36003,0.429,0.35267,0.42623,-0.009204,0.024544,0.31,0.4
4.13,0.36003,0.42969,0.35267,0.42647,-0.010738,0.024544,0.31,0.4
4.14,0.35957,0.43084,0.35267,0.4267,-0.013806,0.02301,0.31,0.4
4.15,0.35911,0.43153,0.35267,0.42693,-0.01534,0.021476,0.31,0.4
4.16,0.35865,0.43263,0.35267,0.42711,-0.018408,0.019942,0.31,0.4
4.17,0.35773,0.43372,0.35267,0.42728,-0.021476,0.016874,0.31,0.4
4.18,0.35635,0.43482,0.35267,0.42746,-0.024544,0.012272,0.31,0.4
4.19,0.35543,0.43591,0.35267,0.42763,-0.027612,0.009204,0.31,0.4
4.2,0.35497,0.43649,0.35267,0.42775,-0.029146,0.00767,0.31,0.4
4.21,0.35405,0.43707,0.35267,0.42786,-0.03068,0.004602,0.31,0.4
4.22,0.35359,0.43758,0.35267,0.42792,-0.032214,0.003068,0.31,0.4
4.23,0.35307,0.43758,0.35261,0.42792,-0.032214,0.001534,0.31,0.4
4.24,0.35261,0.43764,0.35261,0.42798,-0.032214,0,0.31,0.4
4.25,0.35163,0.43764,0.35255,0.42798,-0.032214,-0.003068,0.31,0.4
4.26,0.35111,0.43764,0.35249,0.42798,-0.032214,-0.004602,0.31,0.4
4.27,0.35105,0.43724,0.35243,0.42804,-0.03068,-0.004602,0.31,0.4
4.28,0.351,0.43724,0.35238,0.42804,-0.03068,-0.004602,0.31,0.4
4.29,0.35088,0.43724,0.35226,0.42804,-0.03068,-0.004602,0.31,0.4
4.3,0.35076,0.43724,0.35214,0.42804,-0.03068,-0.004602,0.31,0.4
4.31,0.35019,0.43724,0.35203,0.42804,-0.03068,-0.006136,0.31,0.4
4.32,0.35013,0.43724,0.35197,0.42804,-0.03068,-0.006136,0.31,0.4
4.33,0.35001,0.43724,0.35185,0.42804,-0.03068,-0.006136,0.31,0.4
4.34,0.34995,0.4377,0.35179,0.42804,-0.032214,-0.006136,0.31,0.4
4.35,0.34938,0.43816,0.35168,0.42804,-0.033748,-0.00767,0.31,0.4
4.36,0.3488,0.43862,0.35156,0.42804,-0.035282,-0.009204,0.31,0.4
4.37,0.34869,0.43862,0.35144,0.42804,-0.035282,-0.009204,0.31,0.4
4.38,0.34811,0.43862,0.35133,0.42804,-0.035282,-0.010738,0.31,0.4
4.39,0.34753,0.43862,0.35121,0.42804,-0.035282,-0.012272,0.31,0.4
4.4,0.34696,0.43862,0.3511,0.42804,-0.035282,-0.013806,0.31,0.4
4.41,0.34684,0.43816,0.35098,0.42804,-0.033748,-0.013806,0.31,0.4
4.42,0.34626,0.4377,0.35086,0.42804,-0.032214,-0.01534,0.31,0.4
4.43,0.34563,0.43678,0.35069,0.42804,-0.029146,-0.016874,0.31,0.4
4.44,0.34505,0.43632,0.35057,0.42804,-0.027612,-0.018408,0.31,0.4
4.45,0.34488,0.4354,0.3504,0.42804,-0.024544,-0.018408,0.31,0.4
4.46,0.3443,0.43448,0.35028,0.42804,-0.021476,-0.019942,0.31,0.4
4.47,0.34418,0.43402,0.35017,0.42804,-0.019942,-0.019942,0.31,0.4
4.48,0.34407,0.4331,0.35005,0.42804,-0.016874,-0.019942,0.31,0.4
4.49,0.34349,0.43264,0.34993,0.42804,-0.01534,-0.021476,0.31,0.4
4.5,0.34343,0.43218,0.34987,0.42804,-0.013806,-0.021476,0.31,0.4
4.51,0.34337,0.43218,0.34982,0.42804,-0.013806,-0.021476,0.31,0.4
4.52,0.34332,0.43218,0.34976,0.42804,-0.013806,-0.021476,0.31,0.4
4.53,0.34332,0.43218,0.34976,0.42804,-0.013806,-0.021476,0.31,0.4
4.54,0.34378,0.43264,0.34976,0.42804,-0.01534,-0.019942,0.31,0.4
4.55,0.34378,0.43264,0.34976,0.42804,-0.01534,-0.019942,0.31,0.4
4.56,0.34378,0.43264,0.34976,0.42804,-0.01534,-0.019942,0.31,0.4
4.57,0.34378,0.43218,0.34976,0.42804,-0.013806,-0.019942,0.31,0.4
4.58,0.34418,0.43172,0.3497,0.42804,-0.012272,-0.018408,0.31,0.4
4.59,0.34418,0.43126,0.3497,0.42804,-0.010738,-0.018408,0.31,0.4
4.6,0.34418,0.43034,0.3497,0.42804,-0.00767,-0.018408,0.31,0.4
4.61,0.34418,0.42942,0.3497,0.42804,-0.004602,-0.018408,0.31,0.4
4.62,0.34372,0.42896,0.3497,0.42804,-0.003068,-0.019942,0.31,0.4
4.63,0.34372,0.42758,0.3497,0.42804,0.001534,-0.019942,0.31,0.4
4.64,0.34372,0.42666,0.3497,0.42804,0.004602,-0.019942,0.31,0.4
4.65,0.34418,0.42574,0.3497,0.42804,0.00767,-0.018408,0.31,0.4
4.66,0.34418,0.42482,0.3497,0.42804,0.010738,-0.018408,0.31,0.4
4.67,0.34418,0.4239,0.3497,0.42804,0.013806,-0.018408,0.31,0.4
4.68,0.34464,0.42344,0.3497,0.42804,0.01534,-0.016874,0.31,0.4
4.69,0.34464,0.42344,0.3497,0.42804,0.01534,-0.016874,0.31,0.4
4.7,0.34464,0.42344,0.3497,0.42804,0.01534,-0.016874,0.31,0.4
4.71,0.3451,0.42344,0.3497,0.42804,0.01534,-0.01534,0.31,0.4
4.72,0.3451,0.42344,0.3497,0.42804,0.01534,-0.01534,0.31,0.4
4.73,0.34556,0.42344,0.3497,0.42804,0.01534,-0.013806,0.31,0.4
4.74,0.34602,0.42344,0.3497,0.42804,0.01534,-0.012272,0.31,0.4
4.75,0.34648,0.42344,0.3497,0.42804,0.01534,-0.010738,0.31,0.4
4.76,0.3474,0.42298,0.3497,0.42804,0.016874,-0.00767,0.31,0.4
4.77,0.34786,0.42252,0.3497,0.42804,0.018408,-0.006136,0.31,0.4
4.78,0.34832,0.4216,0.3497,0.42804,0.021476,-0.004602,0.31,0.4
4.79,0.34878,0.42114,0.3497,0.42804,0.02301,-0.003068,0.31,0.4
4.8,0.34924,0.42022,0.3497,0.42804,0.026078,-0.001534,0.31,0.4
4.81,0.34924,0.41976,0.3497,0.42804,0.027612,-0.001534,0.31,0.4
4.82,0.3497,0.4193,0.3497,0.42804,0.029146,0,0.31,0.4
4.83,0.3497,0.41838,0.3497,0.42804,0.032214,0,0.31,0.4
4.84,0.3497,0.41792,0.3497,0.42804,0.033748,0,0.31,0.4
4.85,0.35016,0.41792,0.3497,0.42804,0.033748,0.001534,0.31,0.4
4.86,0.35016,0.41792,0.3497,0.42804,0.033748,0.001534,0.31,0.4
4.87,0.35016,0.41792,0.3497,0.42804,0.033748,0.001534,0.31,0.4
4.88,0.35062,0.41792,0.3497,0.42804,0.033748,0.003068,0.31,0.4
4.89,0.35062,0.41838,0.3497,0.42804,0.032214,0.003068,0.31,0.4
4.9,0.35108,0.41838,0.3497,0.42804,0.032214,0.004602,0.31,0.4
4.91,0.35108,0.41884,0.3497,0.42804,0.03068,0.004602,0.31,0.4
4.92,0.35154,0.4193,0.3497,0.42804,0.029146,0.006136,0.31,0.4
4.93,0.352,0.4193,0.3497,0.42804,0.029146,0.00767,0.31,0.4
4.94,0.35246,0.4193,0.3497,0.42804,0.029146,0.009204,0.31,0.4
4.95,0.35246,0.4193,0.3497,0.42804,0.029146,0.009204,0.31,0.4
4.96,0.35292,0.4193,0.3497,0.42804,0.029146,0.010738,0.31,0.4
4.97,0.35338,0.4193,0.3497,0.42804,0.029146,0.012272,0.31,0.4
4.98,0.35384,0.41884,0.3497,0.42804,0.03068,0.013806,0.31,0.4
4.99,0.3543,0.41838,0.3497,0.42804,0.032214,0.01534,0.31,0.4
5,0.3543,0.41838,0.3497,0.42804,0.032214,0.01534,0.31,0.4
5.01,0.3543,0.41792,0.3497,0.42804,0.033748,0.01534,0.31,0.4
5.02,0.35476,0.41792,0.3497,0.42804,0.033748,0.016874,0.31,0.4
5.03,0.35476,0.41792,0.3497,0.42804,0.033748,0.016874,0.31,0.4
5.04,0.35476,0.41838,0.3497,0.42804,0.032214,0.016874,0.31,0.4
5.05,0.35476,0.41843,0.3497,0.4281,0.032214,0.016874,0.31,0.4
5.06,0.35522,0.41935,0.3497,0.4281,0.029146,0.018408,0.31,0.4
5.07,0.35522,0.41981,0.3497,0.4281,0.027612,0.018408,0.31,0.4
5.08,0.35522,0.42073,0.3497,0.4281,0.024544,0.018408,0.31,0.4
5.09,0.35568,0.42119,0.3497,0.4281,0.02301,0.019942,0.31,0.4
5.1,0.35568,0.42211,0.3497,0.4281,0.019942,0.019942,0.31,0.4
5.11,0.35568,0.42257,0.3497,0.4281,0.018408,0.019942,0.31,0.4
5.12,0.35568,0.42303,0.3497,0.4281,0.016874,0.019942,0.31,0.4
5.13,0.35614,0.42303,0.3497,0.4281,0.016874,0.021476,0.31,0.4
5.14,0.35614,0.42303,0.3497,0.4281,0.016874,0.021476,0.31,0.4
5.15,0.35614,0.42303,0.3497,0.4281,0.016874,0.021476,0.31,0.4
5.16,0.35614,0.42303,0.3497,0.4281,0.016874,0.021476,0.31,0.4
5.17,0.35614,0.42303,0.3497,0.4281,0.016874,0.021476,0.31,0.4
5.18,0.35614,0.42303,0.3497,0.4281,0.016874,0.021476,0.31,0.4
5.19,0.35614,0.42349,0.3497,0.4281,0.01534,0.021476,0.31,0.4
5.2,0.35614,0.42349,0.3497,0.4281,0.01534,0.021476,0.31,0.4
5.21,0.35614,0.42395,0.3497,0.4281,0.013806,0.021476,0.31,0.4
5.22,0.35614,0.42441,0.3497,0.4281,0.012272,0.021476,0.31,0.4
5.23,0.35614,0.42487,0.3497,0.4281,0.010738,0.021476,0.31,0.4
5.24,0.35614,0.42533,0.3497,0.4281,0.009204,0.021476,0.31,0.4
5.25,0.35614,0.42626,0.3497,0.4281,0.006136,0.021476,0.31,0.4
5.26,0.35614,0.42718,0.3497,0.4281,0.003068,0.021476,0.31,0.4
5.27,0.35614,0.42856,0.3497,0.4281,-0.001534,0.021476,0.31,0.4
5.28,0.35614,0.42948,0.3497,0.4281,-0.004602,0.021476,0.31,0.4
5.29,0.35568,0.4304,0.3497,0.4281,-0.00767,0.019942,0.31,0.4
5.3,0.35522,0.43132,0.3497,0.4281,-0.010738,0.018408,0.31,0.4
5.31,0.35476,0.43178,0.3497,0.4281,-0.012272,0.016874,0.31,0.4
5.32,0.3543,0.43224,0.3497,0.4281,-0.013806,0.01534,0.31,0.4
5.33,0.35384,0.43224,0.3497,0.4281,-0.013806,0.013806,0.31,0.4
5.34,0.35338,0.43224,0.3497,0.4281,-0.013806,0.012272,0.31,0.4
5.35,0.35292,0.43224,0.3497,0.4281,-0.013806,0.010738,0.31,0.4
5.36,0.35246,0.43224,0.3497,0.4281,-0.013806,0.009204,0.31,0.4
5.37,0.352,0.43224,0.3497,0.4281,-0.013806,0.00767,0.31,0.4
5.38,0.35148,0.4327,0.34964,0.4281,-0.01534,0.006136,0.31,0.4
5.39,0.35142,0.43316,0.34958,0.4281,-0.016874,0.006136,0.31,0.4
5.4,0.35142,0.43362,0.34958,0.4281,-0.018408,0.006136,0.31,0.4
5.41,0.35137,0.43408,0.34953,0.4281,-0.019942,0.006136,0.31,0.4
5.42,0.35091,0.43454,0.34953,0.4281,-0.021476,0.004602,0.31,0.4
5.43,0.35085,0.43454,0.34947,0.4281,-0.021476,0.004602,0.31,0.4
5.44,0.35085,0.435,0.34947,0.4281,-0.02301,0.004602,0.31,0.4
5.45,0.35079,0.43546,0.34941,0.4281,-0.024544,0.004602,0.31,0.4
5.46,0.35027,0.43546,0.34935,0.4281,-0.024544,0.003068,0.31,0.4
5.47,0.35015,0.43592,0.34923,0.4281,-0.026078,0.003068,0.31,0.4
5.48,0.34964,0.43592,0.34918,0.4281,-0.026078,0.001534,0.31,0.4
5.49,0.34912,0.43638,0.34912,0.4281,-0.027612,0,0.31,0.4
5.5,0.34814,0.43638,0.34906,0.4281,-0.027612,-0.003068,0.31,0.4
5.51,0.34762,0.43638,0.349,0.4281,-0.027612,-0.004602,0.31,0.4
5.52,0.3471,0.43592,0.34894,0.4281,-0.026078,-0.006136,0.31,0.4
5.53,0.34607,0.43592,0.34883,0.4281,-0.026078,-0.009204,0.31,0.4
5.54,0.34543,0.43546,0.34865,0.4281,-0.024544,-0.010738,0.31,0.4
5.55,0.34486,0.435,0.34854,0.4281,-0.02301,-0.012272,0.31,0.4
5.56,0.34428,0.435,0.34842,0.4281,-0.02301,-0.013806,0.31,0.4
5.57,0.34416,0.43454,0.3483,0.4281,-0.021476,-0.013806,0.31,0.4
5.58,0.34405,0.43454,0.34819,0.4281,-0.021476,-0.013806,0.31,0.4
5.59,0.34393,0.43454,0.34807,0.4281,-0.021476,-0.013806,0.31,0.4
5.6,0.34381,0.43454,0.34796,0.4281,-0.021476,-0.013806,0.31,0.4
5.61,0.3437,0.43454,0.34784,0.4281,-0.021476,-0.013806,0.31,0.4
5.62,0.34358,0.43408,0.34772,0.4281,-0.019942,-0.013806,0.31,0.4
5.63,0.34347,0.43408,0.34761,0.4281,-0.019942,-0.013806,0.31,0.4
5.64,0.34329,0.43408,0.34743,0.4281,-0.019942,-0.013806,0.31,0.4
5.65,0.34317,0.43362,0.34732,0.4281,-0.018408,-0.013806,0.31,0.4
5.66,0.34306,0.43316,0.3472,0.4281,-0.016874,-0.013806,0.31,0.4
5.67,0.34248,0.43316,0.34708,0.4281,-0.016874,-0.01534,0.31,0.4
5.68,0.34191,0.4327,0.34697,0.4281,-0.01534,-0.016874,0.31,0.4
5.69,0.34185,0.43224,0.34691,0.4281,-0.013806,-0.016874,0.31,0.4
5.7,0.34127,0.43178,0.34679,0.4281,-0.012272,-0.018408,0.31,0.4
5.71,0.34069,0.43132,0.34668,0.4281,-0.010738,-0.019942,0.31,0.4
5.72,0.34018,0.43086,0.34662,0.4281,-0.009204,-0.021476,0.31,0.4
5.73,0.33972,0.4304,0.34662,0.4281,-0.00767,-0.02301,0.31,0.4
5.74,0.33966,0.42994,0.34656,0.4281,-0.006136,-0.02301,0.31,0.4
5.75,0.33966,0.42994,0.34656,0.4281,-0.006136,-0.02301,0.31,0.4
5.76,0.3396,0.42948,0.3465,0.4281,-0.004602,-0.02301,0.31,0.4
5.77,0.3396,0.42948,0.3465,0.4281,-0.004602,-0.02301,0.31,0.4
5.78,0.34,0.42902,0.34644,0.4281,-0.003068,-0.021476,0.31,0.4
5.79,0.34,0.42902,0.34644,0.4281,-0.003068,-0.021476,0.31,0.4
5.8,0.34046,0.42856,0.34644,0.4281,-0.001534,-0.019942,0.31,0.4
5.81,0.34092,0.42856,0.34644,0.4281,-0.001534,-0.018408,0.31,0.4
5.82,0.34138,0.4281,0.34644,0.4281,0,-0.016874,0.31,0.4
5.83,0.34138,0.42764,0.34644,0.4281,0.001534,-0.016874,0.31,0.4
5.84,0.34138,0.42718,0.34644,0.4281,0.003068,-0.016874,0.31,0.4
5.85,0.34138,0.42672,0.34644,0.4281,0.004602,-0.016874,0.31,0.4
5.86,0.34138,0.42626,0.34644,0.4281,0.006136,-0.016874,0.31,0.4
5.87,0.34138,0.42533,0.34644,0.4281,0.009204,-0.016874,0.31,0.4
5.88,0.34138,0.42487,0.34644,0.4281,0.010738,-0.016874,0.31,0.4
5.89,0.34138,0.42441,0.34644,0.4281,0.012272,-0.016874,0.31,0.4
5.9,0.34138,0.42395,0.34644,0.4281,0.013806,-0.016874,0.31,0.4
5.91,0.34138,0.42395,0.34644,0.4281,0.013806,-0.016874,0.31,0.4
5.92,0.34138,0.42395,0.34644,0.4281,0.013806,-0.016874,0.31,0.4
5.93,0.34138,0.42395,0.34644,0.4281,0.013806,-0.016874,0.31,0.4
5.94,0.34184,0.42395,0.34644,0.4281,0.013806,-0.01534,0.31,0.4
5.95,0.3423,0.42395,0.34644,0.4281,0.013806,-0.013806,0.31,0.4
5.96,0.34276,0.42349,0.34644,0.4281,0.01534,-0.012272,0.31,0.4
5.97,0.34368,0.42349,0.34644,0.4281,0.01534,-0.009204,0.31,0.4
5.98,0.34414,0.42303,0.34644,0.4281,0.016874,-0.00767,0.31,0.4
5.99,0.34506,0.42257,0.34644,0.4281,0.018408,-0.004602,0.31,0.4
6,0.34552,0.42257,0.34644,0.4281,0.018408,-0.003068,0.31,0.4
6.01,0.34598,0.42211,0.34644,0.4281,0.019942,-0.001534,0.31,0.4
6.02,0.34598,0.42211,0.34644,0.4281,0.019942,-0.001534,0.31,0.4
6.03,0.34644,0.42211,0.34644,0.4281,0.019942,0,0.31,0.4
6.04,0.34644,0.42165,0.34644,0.4281,0.021476,0,0.31,0.4
6.05,0.34644,0.42165,0.34644,0.4281,0.021476,0,0.31,0.4
6.06,0.34644,0.42119,0.34644,0.4281,0.02301,0,0.31,0.4
6.07,0.34644,0.42073,0.34644,0.4281,0.024544,0,0.31,0.4
6.08,0.34644,0.42073,0.34644,0.4281,0.024544,0,0.31,0.4
6.09,0.3469,0.42027,0.34644,0.4281,0.026078,0.001534,0.31,0.4
6.1,0.3469,0.42027,0.34644,0.4281,0.026078,0.001534,0.31,0.4
6.11,0.3469,0.42027,0.34644,0.4281,0.026078,0.001534,0.31,0.4
6.12,0.34736,0.42027,0.34644,0.4281,0.026078,0.003068,0.31,0.4
6.13,0.34782,0.42073,0.34644,0.4281,0.024544,0.004602,0.31,0.4
6.14,0.34828,0.42073,0.34644,0.4281,0.024544,0.006136,0.31,0.4
6.15,0.34874,0.42119,0.34644,0.4281,0.02301,0.00767,0.31,0.4
6.16,0.34966,0.42119,0.34644,0.4281,0.02301,0.010738,0.31,0.4
6.17,0.35012,0.42119,0.34644,0.4281,0.02301,0.012272,0.31,0.4
6.18,0.35058,0.42119,0.34644,0.4281,0.02301,0.013806,0.31,0.4
6.19,0.35104,0.42165,0.34644,0.4281,0.021476,0.01534,0.31,0.4
6.2,0.35104,0.42165,0.34644,0.4281,0.021476,0.01534,0.31,0.4
6.21,0.35104,0.42165,0.34644,0.4281,0.021476,0.01534,0.31,0.4
6.22,0.3515,0.42165,0.34644,0.4281,0.021476,0.016874,0.31,0.4
6.23,0.3515,0.42211,0.34644,0.4281,0.019942,0.016874,0.31,0.4
6.24,0.35104,0.42211,0.34644,0.4281,0.019942,0.01534,0.31,0.4
6.25,0.35104,0.42211,0.34644,0.4281,0.019942,0.01534,0.31,0.4
6.26,0.35104,0.42211,0.34644,0.4281,0.019942,0.01534,0.31,0.4
6.27,0.35104,0.42211,0.34644,0.4281,0.019942,0.01534,0.31,0.4
6.28,0.35104,0.42211,0.34644,0.4281,0.019942,0.01534,0.31,0.4
6.29,0.3515,0.42211,0.34644,0.4281,0.019942,0.016874,0.31,0.4
6.3,0.3515,0.42257,0.34644,0.4281,0.018408,0.016874,0.31,0.4
6.31,0.35196,0.42257,0.34644,0.4281,0.018408,0.018408,0.31,0.4
6.32,0.35242,0.42303,0.34644,0.4281,0.016874,0.019942,0.31,0.4
6.33,0.35288,0.42303,0.34644,0.4281,0.016874,0.021476,0.31,0.4
6.34,0.35288,0.42349,0.34644,0.4281,0.01534,0.021476,0.31,0.4
6.35,0.35334,0.42395,0.34644,0.4281,0.013806,0.02301,0.31,0.4
6.36,0.35381,0.42441,0.34644,0.4281,0.012272,0.024544,0.31,0.4
6.37,0.35381,0.42487,0.34644,0.4281,0.010738,0.024544,0.31,0.4
6.38,0.35381,0.42533,0.34644,0.4281,0.009204,0.024544,0.31,0.4
6.39,0.35381,0.4258,0.34644,0.4281,0.00767,0.024544,0.31,0.4
6.4,0.35381,0.4258,0.34644,0.4281,0.00767,0.024544,0.31,0.4
6.41,0.35335,0.42626,0.34644,0.4281,0.006136,0.02301,0.31,0.4
6.42,0.35289,0.42626,0.34644,0.4281,0.006136,0.021476,0.31,0.4
6.43,0.35289,0.42672,0.34644,0.4281,0.004602,0.021476,0.31,0.4
6.44,0.35243,0.42718,0.34644,0.4281,0.003068,0.019942,0.31,0.4
6.45,0.35197,0.42764,0.34644,0.4281,0.001534,0.018408,0.31,0.4
6.46,0.35197,0.42764,0.34644,0.4281,0.001534,0.018408,0.31,0.4
6.47,0.35197,0.4281,0.34644,0.4281,0,0.018408,0.31,0.4
6.48,0.35197,0.42856,0.34644,0.4281,-0.001534,0.018408,0.31,0.4
6.49,0.35197,0.42856,0.34644,0.4281,-0.001534,0.018408,0.31,0.4
6.5,0.35197,0.42856,0.34644,0.4281,-0.001534,0.018408,0.31,0.4
6.51,0.35197,0.42856,0.34644,0.4281,-0.001534,0.018408,0.31,0.4
6.52,0.35197,0.42856,0.34644,0.4281,-0.001534,0.018408,0.31,0.4
6.53,0.35197,0.42902,0.34644,0.4281,-0.003068,0.018408,0.31,0.4
6.54,0.35191,0.42902,0.34638,0.4281,-0.003068,0.018408,0.31,0.4
6.55,0.35145,0.42948,0.34638,0.4281,-0.004602,0.016874,0.31,0.4
6.56,0.35139,0.42994,0.34633,0.4281,-0.006136,0.016874,0.31,0.4
6.57,0.35041,0.43086,0.34627,0.4281,-0.009204,0.013806,0.31,0.4
6.58,0.34995,0.43132,0.34627,0.4281,-0.010738,0.012272,0.31,0.4
6.59,0.34943,0.43178,0.34621,0.4281,-0.012272,0.010738,0.31,0.4
6.6,0.34897,0.43224,0.34621,0.4281,-0.013806,0.009204,0.31,0.4
6.61,0.34851,0.43224,0.34621,0.4281,-0.013806,0.00767,0.31,0.4
6.62,0.34753,0.4327,0.34615,0.4281,-0.01534,0.004602,0.31,0.4
6.63,0.34707,0.4327,0.34615,0.4281,-0.01534,0.003068,0.31,0.4
6.64,0.34661,0.4327,0.34615,0.4281,-0.01534,0.001534,0.31,0.4
6.65,0.34661,0.43316,0.34615,0.4281,-0.016874,0.001534,0.31,0.4
6.66,0.34655,0.43316,0.34609,0.4281,-0.016874,0.001534,0.31,0.4
6.67,0.34604,0.43316,0.34604,0.4281,-0.016874,0,0.31,0.4
6.68,0.34598,0.4327,0.34598,0.4281,-0.01534,0,0.31,0.4
6.69,0.34592,0.4327,0.34592,0.4281,-0.01534,0,0.31,0.4
6.7,0.3458,0.43224,0.3458,0.4281,-0.013806,0,0.31,0.4
6.71,0.34529,0.43224,0.34575,0.4281,-0.013806,-0.001534,0.31,0.4
6.72,0.34523,0.43178,0.34569,0.4281,-0.012272,-0.001534,0.31,0.4
6.73,0.34471,0.43178,0.34563,0.4281,-0.012272,-0.003068,0.31,0.4
6.74,0.34413,0.43178,0.34551,0.4281,-0.012272,-0.004602,0.31,0.4
6.75,0.34356,0.43178,0.3454,0.4281,-0.012272,-0.006136,0.31,0.4
6.76,0.34304,0.43178,0.34534,0.4281,-0.012272,-0.00767,0.31,0.4
6.77,0.342,0.43224,0.34522,0.4281,-0.013806,-0.010738,0.31,0.4
6.78,0.34142,0.43224,0.34511,0.4281,-0.013806,-0.012272,0.31,0.4
6.79,0.34091,0.4327,0.34505,0.4281,-0.01534,-0.013806,0.31,0.4
6.8,0.34079,0.4327,0.34493,0.4281,-0.01534,-0.013806,0.31,0.4
6.81,0.34067,0.4327,0.34481,0.4281,-0.01534,-0.013806,0.31,0.4
6.82,0.3401,0.43224,0.3447,0.4281,-0.013806,-0.01534,0.31,0.4
6.83,0.33998,0.43178,0.34458,0.4281,-0.012272,-0.01534,0.31,0.4
6.84,0.33935,0.43132,0.34441,0.4281,-0.010738,-0.016874,0.31,0.4
6.85,0.33923,0.43086,0.34429,0.4281,-0.009204,-0.016874,0.31,0.4
6.86,0.33906,0.43086,0.34412,0.4281,-0.009204,-0.016874,0.31,0.4
6.87,0.33894,0.4304,0.344,0.4281,-0.00767,-0.016874,0.31,0.4
6.88,0.33882,0.42988,0.34388,0.42804,-0.006136,-0.016874,0.31,0.4
6.89,0.33871,0.42942,0.34377,0.42804,-0.004602,-0.016874,0.31,0.4
6.9,0.33859,0.42896,0.34365,0.42804,-0.003068,-0.016874,0.31,0.4
6.91,0.33847,0.4285,0.34354,0.42804,-0.001534,-0.016874,0.31,0.4
6.92,0.33796,0.42804,0.34348,0.42804,0,-0.018408,0.31,0.4
6.93,0.3379,0.42798,0.34342,0.42798,0,-0.018408,0.31,0.4
6.94,0.33784,0.42746,0.34336,0.42792,0.001534,-0.018408,0.31,0.4
6.95,0.33732,0.4274,0.3433,0.42786,0.001534,-0.019942,0.31,0.4
6.96,0.3368,0.42781,0.34324,0.42781,0,-0.021476,0.31,0.4
6.97,0.33674,0.42769,0.34319,0.42769,0,-0.021476,0.31,0.4
6.98,0.33674,0.42757,0.34319,0.42757,0,-0.021476,0.31,0.4
6.99,0.33715,0.42751,0.34313,0.42751,0,-0.019942,0.31,0.4
7,0.33715,0.42694,0.34313,0.4274,0.001534,-0.019942,0.31,0.4
7.01,0.33709,0.42688,0.34307,0.42734,0.001534,-0.019942,0.31,0.4
7.02,0.33755,0.4263,0.34307,0.42722,0.003068,-0.018408,0.31,0.4
7.03,0.33801,0.42625,0.34307,0.42717,0.003068,-0.016874,0.31,0.4
7.04,0.33801,0.42567,0.34307,0.42705,0.004602,-0.016874,0.31,0.4
7.05,0.33847,0.42515,0.34307,0.42699,0.006136,-0.01534,0.31,0.4
7.06,0.33847,0.42463,0.34307,0.42693,0.00767,-0.01534,0.31,0.4
7.07,0.33893,0.42411,0.34307,0.42687,0.009204,-0.013806,0.31,0.4
7.08,0.33939,0.42354,0.34307,0.42676,0.010738,-0.012272,0.31,0.4
7.09,0.33985,0.42348,0.34307,0.4267,0.010738,-0.010738,0.31,0.4
7.1,0.33985,0.42296,0.34307,0.42664,0.012272,-0.010738,0.31,0.4
7.11,0.33939,0.42296,0.34307,0.42664,0.012272,-0.012272,0.31,0.4
7.12,0.33939,0.4229,0.34307,0.42658,0.012272,-0.012272,0.31,0.4
7.13,0.33985,0.42284,0.34307,0.42653,0.012272,-0.010738,0.31,0.4
7.14,0.33985,0.42325,0.34307,0.42647,0.010738,-0.010738,0.31,0.4
7.15,0.33985,0.42325,0.34307,0.42647,0.010738,-0.010738,0.31,0.4
7.16,0.33985,0.42325,0.34307,0.42647,0.010738,-0.010738,0.31,0.4
7.17,0.33985,0.42325,0.34307,0.42647,0.010738,-0.010738,0.31,0.4
7.18,0.33985,0.42325,0.34307,0.42647,0.010738,-0.010738,0.31,0.4
7.19,0.34031,0.42279,0.34307,0.42647,0.012272,-0.009204,0.31,0.4
7.2,0.34077,0.42279,0.34307,0.42647,0.012272,-0.00767,0.31,0.4
7.21,0.34123,0.42233,0.34307,0.42647,0.013806,-0.006136,0.31,0.4
7.22,0.34163,0.42233,0.34301,0.42647,0.013806,-0.004602,0.31,0.4
7.23,0.34209,0.42187,0.34301,0.42647,0.01534,-0.003068,0.31,0.4
7.24,0.34255,0.42187,0.34301,0.42647,0.01534,-0.001534,0.31,0.4
7.25,0.34301,0.42141,0.34301,0.42647,0.016874,0,0.31,0.4
7.26,0.34347,0.42141,0.34301,0.42647,0.016874,0.001534,0.31,0.4
7.27,0.34347,0.42141,0.34301,0.42647,0.016874,0.001534,0.31,0.4
7.28,0.34393,0.42141,0.34301,0.42647,0.016874,0.003068,0.31,0.4
7.29,0.34393,0.42141,0.34301,0.42647,0.016874,0.003068,0.31,0.4
7.3,0.34387,0.42141,0.34295,0.42647,0.016874,0.003068,0.31,0.4
7.31,0.34387,0.42187,0.34295,0.42647,0.01534,0.003068,0.31,0.4
7.32,0.34433,0.42187,0.34295,0.42647,0.01534,0.004602,0.31,0.4
7.33,0.34433,0.42233,0.34295,0.42647,0.013806,0.004602,0.31,0.4
7.34,0.34433,0.42233,0.34295,0.42647,0.013806,0.004602,0.31,0.4
7.35,0.34433,0.42233,0.34295,0.42647,0.013806,0.004602,0.31,0.4
7.36,0.34433,0.42233,0.34295,0.42647,0.013806,0.004602,0.31,0.4
7.37,0.34479,0.42233,0.34295,0.42647,0.013806,0.006136,0.31,0.4
7.38,0.34479,0.42233,0.34295,0.42647,0.013806,0.006136,0.31,0.4
7.39,0.34525,0.42233,0.34295,0.42647,0.013806,0.00767,0.31,0.4
7.4,0.34525,0.42233,0.34295,0.42647,0.013806,0.00767,0.31,0.4
7.41,0.34571,0.42187,0.34295,0.42647,0.01534,0.009204,0.31,0.4
7.42,0.34617,0.42187,0.34295,0.42647,0.01534,0.010738,0.31,0.4
7.43,0.34663,0.42187,0.34295,0.42647,0.01534,0.012272,0.31,0.4
7.44,0.34663,0.42187,0.34295,0.42647,0.01534,0.012272,0.31,0.4
7.45,0.34709,0.42187,0.34295,0.42647,0.01534,0.013806,0.31,0.4
7.46,0.34709,0.42233,0.34295,0.42647,0.013806,0.013806,0.31,0.4
7.47,0.34756,0.42233,0.34295,0.42647,0.013806,0.01534,0.31,0.4
7.48,0.3475,0.42279,0.3429,0.42647,0.012272,0.01534,0.31,0.4
7.49,0.3475,0.42325,0.3429,0.42647,0.010738,0.01534,0.31,0.4
7.5,0.3475,0.42325,0.3429,0.42647,0.010738,0.01534,0.31,0.4
7.51,0.3475,0.42371,0.3429,0.42647,0.009204,0.01534,0.31,0.4
7.52,0.3475,0.42417,0.3429,0.42647,0.00767,0.01534,0.31,0.4
7.53,0.3475,0.42417,0.3429,0.42647,0.00767,0.01534,0.31,0.4
7.54,0.3475,0.42463,0.3429,0.42647,0.006136,0.01534,0.31,0.4
7.55,0.3475,0.42463,0.3429,0.42647,0.006136,0.01534,0.31,0.4
7.56,0.3475,0.42463,0.3429,0.42647,0.006136,0.01534,0.31,0.4
7.57,0.3475,0.42463,0.3429,0.42647,0.006136,0.01534,0.31,0.4
7.58,0.3475,0.42463,0.3429,0.42647,0.006136,0.01534,0.31,0.4
7.59,0.34744,0.42417,0.34284,0.42647,0.00767,0.01534,0.31,0.4
7.6,0.34744,0.42417,0.34284,0.42647,0.00767,0.01534,0.31,0.4
7.61,0.3479,0.42417,0.34284,0.42647,0.00767,0.016874,0.31,0.4
7.62,0.3479,0.42417,0.34284,0.42647,0.00767,0.016874,0.31,0.4
7.63,0.3479,0.42463,0.34284,0.42647,0.006136,0.016874,0.31,0.4
7.64,0.34784,0.42463,0.34278,0.42647,0.006136,0.016874,0.31,0.4
7.65,0.34784,0.42509,0.34278,0.42647,0.004602,0.016874,0.31,0.4
7.66,0.34784,0.42555,0.34278,0.42647,0.003068,0.016874,0.31,0.4
7.67,0.34778,0.42601,0.34272,0.42647,0.001534,0.016874,0.31,0.4
7.68,0.34772,0.42601,0.34266,0.42647,0.001534,0.016874,0.31,0.4
7.69,0.34772,0.42647,0.34266,0.42647,0,0.016874,0.31,0.4
7.7,0.34721,0.42693,0.3426,0.42647,-0.001534,0.01534,0.31,0.4
7.71,0.34715,0.42693,0.34255,0.42647,-0.001534,0.01534,0.31,0.4
7.72,0.34669,0.42739,0.34255,0.42647,-0.003068,0.013806,0.31,0.4
7.73,0.34663,0.42739,0.34249,0.42647,-0.003068,0.013806,0.31,0.4
7.74,0.34617,0.42739,0.34249,0.42647,-0.003068,0.012272,0.31,0.4
7.75,0.34617,0.42739,0.34249,0.42647,-0.003068,0.012272,0.31,0.4
7.76,0.34565,0.42693,0.34243,0.42647,-0.001534,0.010738,0.31,0.4
7.77,0.34559,0.42693,0.34237,0.42647,-0.001534,0.010738,0.31,0.4
7.78,0.34502,0.42647,0.34226,0.42647,0,0.009204,0.31,0.4
7.79,0.34496,0.42647,0.3422,0.42647,0,0.009204,0.31,0.4
7.8,0.3445,0.42647,0.3422,0.42647,0,0.00767,0.31,0.4
7.81,0.34444,0.42647,0.34214,0.42647,0,0.00767,0.31,0.4
7.82,0.34438,0.42647,0.34208,0.42647,0,0.00767,0.31,0.4
7.83,0.34392,0.42693,0.34208,0.42647,-0.001534,0.006136,0.31,0.4
7.84,0.34386,0.42693,0.34202,0.42647,-0.001534,0.006136,0.31,0.4
7.85,0.34335,0.42739,0.34197,0.42647,-0.003068,0.004602,0.31,0.4
7.86,0.34329,0.42739,0.34191,0.42647,-0.003068,0.004602,0.31,0.4
7.87,0.34323,0.42785,0.34185,0.42647,-0.004602,0.004602,0.31,0.4
7.88,0.34271,0.42831,0.34179,0.42647,-0.006136,0.003068,0.31,0.4
7.89,0.34271,0.42831,0.34179,0.42647,-0.006136,0.003068,0.31,0.4
7.9,0.34219,0.42831,0.34173,0.42647,-0.006136,0.001534,0.31,0.4
7.91,0.34208,0.42831,0.34162,0.42647,-0.006136,0.001534,0.31,0.4
7.92,0.3415,0.42831,0.3415,0.42647,-0.006136,0,0.31,0.4
7.93,0.34098,0.42785,0.34144,0.42647,-0.004602,-0.001534,0.31,0.4
7.94,0.34092,0.42739,0.34138,0.42647,-0.003068,-0.001534,0.31,0.4
7.95,0.34035,0.42693,0.34127,0.42647,-0.001534,-0.003068,0.31,0.4
7.96,0.33977,0.42693,0.34115,0.42647,-0.001534,-0.004602,0.31,0.4
7.97,0.33965,0.42647,0.34103,0.42647,0,-0.004602,0.31,0.4
7.98,0.33908,0.42647,0.34092,0.42647,0,-0.006136,0.31,0.4
7.99,0.33856,0.42647,0.34086,0.42647,0,-0.00767,0.31,0.4
8,0.33844,0.42647,0.34074,0.42647,0,-0.00767,0.31,0.4
8.01,0.33787,0.42647,0.34063,0.42647,0,-0.009204,0.31,0.4
8.02,0.33781,0.42647,0.34057,0.42647,0,-0.009204,0.31,0.4
8.03,0.33775,0.42641,0.34051,0.42641,0,-0.009204,0.31,0.4
8.04,0.33763,0.42635,0.34039,0.42635,0,-0.009204,0.31,0.4
8.05,0.33758,0.42675,0.34034,0.42629,-0.001534,-0.009204,0.31,0.4
8.06,0.33746,0.4267,0.34022,0.42623,-0.001534,-0.009204,0.31,0.4
8.07,0.33694,0.42664,0.34016,0.42618,-0.001534,-0.010738,0.31,0.4
8.08,0.33682,0.42658,0.34005,0.42612,-0.001534,-0.010738,0.31,0.4
8.09,0.33677,0.42646,0.33999,0.426,-0.001534,-0.010738,0.31,0.4
8.1,0.33711,0.42594,0.33987,0.42594,0,-0.009204,0.31,0.4
8.11,0.33699,0.42537,0.33976,0.42583,0.001534,-0.009204,0.31,0.4
8.12,0.33648,0.42491,0.3397,0.42583,0.003068,-0.010738,0.31,0.4
8.13,0.3359,0.42445,0.33958,0.42583,0.004602,-0.012272,0.31,0.4
8.14,0.33624,0.42387,0.33946,0.42571,0.006136,-0.010738,0.31,0.4
8.15,0.33618,0.42381,0.33941,0.42565,0.006136,-0.010738,0.31,0.4
8.16,0.33613,0.42329,0.33935,0.4256,0.00767,-0.010738,0.31,0.4
8.17,0.33561,0.42318,0.33929,0.42548,0.00767,-0.012272,0.31,0.4
8.18,0.33555,0.42312,0.33923,0.42542,0.00767,-0.012272,0.31,0.4
8.19,0.33549,0.423,0.33917,0.4253,0.00767,-0.012272,0.31,0.4
8.2,0.33543,0.42341,0.33912,0.42525,0.006136,-0.012272,0.31,0.4
8.21,0.33543,0.42329,0.33912,0.42513,0.006136,-0.012272,0.31,0.4
8.22,0.33584,0.42363,0.33906,0.42501,0.004602,-0.010738,0.31,0.4
8.23,0.3363,0.42352,0.33906,0.4249,0.004602,-0.009204,0.31,0.4
8.24,0.3363,0.4234,0.33906,0.42478,0.004602,-0.009204,0.31,0.4
8.25,0.33624,0.42334,0.339,0.42472,0.004602,-0.009204,0.31,0.4
8.26,0.33624,0.42328,0.339,0.42466,0.004602,-0.009204,0.31,0.4
8.27,0.33618,0.42323,0.33894,0.42461,0.004602,-0.009204,0.31,0.4
8.28,0.33658,0.42311,0.33888,0.42449,0.004602,-0.00767,0.31,0.4
8.29,0.33698,0.42259,0.33882,0.42443,0.006136,-0.006136,0.31,0.4
8.3,0.33698,0.42253,0.33882,0.42437,0.006136,-0.006136,0.31,0.4
8.31,0.33698,0.42196,0.33882,0.42426,0.00767,-0.006136,0.31,0.4
8.32,0.33693,0.4219,0.33877,0.4242,0.00767,-0.006136,0.31,0.4
8.33,0.33693,0.42138,0.33877,0.42414,0.009204,-0.006136,0.31,0.4
8.34,0.33687,0.42092,0.33871,0.42414,0.010738,-0.006136,0.31,0.4
8.35,0.33681,0.42092,0.33865,0.42414,0.010738,-0.006136,0.31,0.4
8.36,0.33675,0.42092,0.33859,0.42414,0.010738,-0.006136,0.31,0.4
8.37,0.33669,0.42092,0.33853,0.42414,0.010738,-0.006136,0.31,0.4
8.38,0.33715,0.42138,0.33853,0.42414,0.009204,-0.004602,0.31,0.4
8.39,0.33715,0.42184,0.33853,0.42414,0.00767,-0.004602,0.31,0.4
8.4,0.33715,0.42178,0.33853,0.42408,0.00767,-0.004602,0.31,0.4
8.41,0.33761,0.42224,0.33853,0.42408,0.006136,-0.003068,0.31,0.4
8.42,0.33807,0.42218,0.33853,0.42402,0.006136,-0.001534,0.31,0.4
8.43,0.33807,0.42213,0.33853,0.42397,0.006136,-0.001534,0.31,0.4
8.44,0.33802,0.42207,0.33848,0.42391,0.006136,-0.001534,0.31,0.4
8.45,0.33802,0.42253,0.33848,0.42391,0.004602,-0.001534,0.31,0.4
8.46,0.33802,0.42247,0.33848,0.42385,0.004602,-0.001534,0.31,0.4
8.47,0.33796,0.42201,0.33842,0.42385,0.006136,-0.001534,0.31,0.4
8.48,0.33836,0.42201,0.33836,0.42385,0.006136,0,0.31,0.4
8.49,0.3383,0.42155,0.3383,0.42385,0.00767,0,0.31,0.4
8.5,0.33824,0.42155,0.33824,0.42385,0.00767,0,0.31,0.4
8.51,0.33824,0.42155,0.33824,0.42385,0.00767,0,0.31,0.4
8.52,0.33824,0.42109,0.33824,0.42385,0.009204,0,0.31,0.4
8.53,0.33824,0.42109,0.33824,0.42385,0.009204,0,0.31,0.4
8.54,0.3387,0.42103,0.33824,0.42379,0.009204,0.001534,0.31,0.4
8.55,0.33916,0.42149,0.33824,0.42379,0.00767,0.003068,0.31,0.4
8.56,0.33916,0.42143,0.33824,0.42373,0.00767,0.003068,0.31,0.4
8.57,0.33957,0.42184,0.33818,0.42368,0.006136,0.004602,0.31,0.4
8.58,0.33957,0.42178,0.33818,0.42362,0.006136,0.004602,0.31,0.4
8.59,0.33951,0.42224,0.33813,0.42362,0.004602,0.004602,0.31,0.4
8.6,0.33945,0.42224,0.33807,0.42362,0.004602,0.004602,0.31,0.4
8.61,0.33985,0.42224,0.33801,0.42362,0.004602,0.006136,0.31,0.4
8.62,0.33979,0.42224,0.33795,0.42362,0.004602,0.006136,0.31,0.4
8.63,0.33973,0.4227,0.33789,0.42362,0.003068,0.006136,0.31,0.4
8.64,0.33973,0.4227,0.33789,0.42362,0.003068,0.006136,0.31,0.4
8.65,0.33968,0.4227,0.33784,0.42362,0.003068,0.006136,0.31,0.4
8.66,0.33968,0.42224,0.33784,0.42362,0.004602,0.006136,0.31,0.4
8.67,0.33968,0.42224,0.33784,0.42362,0.004602,0.006136,0.31,0.4
8.68,0.33962,0.42224,0.33778,0.42362,0.004602,0.006136,0.31,0.4
8.69,0.33956,0.42224,0.33772,0.42362,0.004602,0.006136,0.31,0.4
8.7,0.3395,0.42224,0.33766,0.42362,0.004602,0.006136,0.31,0.4
8.71,0.3395,0.42224,0.33766,0.42362,0.004602,0.006136,0.31,0.4
8.72,0.33944,0.42224,0.3376,0.42362,0.004602,0.006136,0.31,0.4
8.73,0.3399,0.42224,0.3376,0.42362,0.004602,0.00767,0.31,0.4
8.74,0.3399,0.42224,0.3376,0.42362,0.004602,0.00767,0.31,0.4
8.75,0.3399,0.42224,0.3376,0.42362,0.004602,0.00767,0.31,0.4
8.76,0.34036,0.4227,0.3376,0.42362,0.003068,0.009204,0.31,0.4
8.77,0.34036,0.4227,0.3376,0.42362,0.003068,0.009204,0.31,0.4
8.78,0.34036,0.4227,0.3376,0.42362,0.003068,0.009204,0.31,0.4
8.79,0.34031,0.42316,0.33755,0.42362,0.001534,0.009204,0.31,0.4
8.8,0.34025,0.42316,0.33749,0.42362,0.001534,0.009204,0.31,0.4
8.81,0.34025,0.42316,0.33749,0.42362,0.001534,0.009204,0.31,0.4
8.82,0.34013,0.42316,0.33737,0.42362,0.001534,0.009204,0.31,0.4
8.83,0.34007,0.42316,0.33731,0.42362,0.001534,0.009204,0.31,0.4
8.84,0.33956,0.42316,0.33725,0.42362,0.001534,0.00767,0.31,0.4
8.85,0.33956,0.42316,0.33725,0.42362,0.001534,0.00767,0.31,0.4
8.86,0.3395,0.4227,0.3372,0.42362,0.003068,0.00767,0.31,0.4
8.87,0.33898,0.4227,0.33714,0.42362,0.003068,0.006136,0.31,0.4
8.88,0.33892,0.4227,0.33708,0.42362,0.003068,0.006136,0.31,0.4
8.89,0.3388,0.4227,0.33696,0.42362,0.003068,0.006136,0.31,0.4
8.9,0.33875,0.4227,0.33691,0.42362,0.003068,0.006136,0.31,0.4
8.91,0.33869,0.4227,0.33685,0.42362,0.003068,0.006136,0.31,0.4
8.92,0.33869,0.4227,0.33685,0.42362,0.003068,0.006136,0.31,0.4
8.93,0.33857,0.4227,0.33673,0.42362,0.003068,0.006136,0.31,0.4
8.94,0.33897,0.4227,0.33667,0.42362,0.003068,0.00767,0.31,0.4
8.95,0.33886,0.4227,0.33656,0.42362,0.003068,0.00767,0.31,0.4
8.96,0.3388,0.4227,0.3365,0.42362,0.003068,0.00767,0.31,0.4
8.97,0.33874,0.4227,0.33644,0.42362,0.003068,0.00767,0.31,0.4
8.98,0.33862,0.4227,0.33632,0.42362,0.003068,0.00767,0.31,0.4
8.99,0.33811,0.4227,0.33627,0.42362,0.003068,0.006136,0.31,0.4
9,0.33805,0.4227,0.33621,0.42362,0.003068,0.006136,0.31,0.4
9.01,0.33805,0.4227,0.33621,0.42362,0.003068,0.006136,0.31,0.4
9.02,0.33753,0.4227,0.33615,0.42362,0.003068,0.004602,0.31,0.4
9.03,0.33701,0.4227,0.33609,0.42362,0.003068,0.003068,0.31,0.4
9.04,0.33695,0.42224,0.33603,0.42362,0.004602,0.003068,0.31,0.4
9.05,0.33643,0.42224,0.33597,0.42362,0.004602,0.001534,0.31,0.4
9.06,0.33638,0.42224,0.33592,0.42362,0.004602,0.001534,0.31,0.4
9.07,0.33632,0.42224,0.33586,0.42362,0.004602,0.001534,0.31,0.4
9.08,0.33626,0.42224,0.3358,0.42362,0.004602,0.001534,0.31,0.4
9.09,0.3362,0.42224,0.33574,0.42362,0.004602,0.001534,0.31,0.4
9.1,0.3362,0.42224,0.33574,0.42362,0.004602,0.001534,0.31,0.4
9.11,0.33614,0.4227,0.33568,0.42362,0.003068,0.001534,0.31,0.4
9.12,0.33614,0.4227,0.33568,0.42362,0.003068,0.001534,0.31,0.4
9.13,0.33609,0.4227,0.33563,0.42362,0.003068,0.001534,0.31,0.4
9.14,0.33603,0.4227,0.33557,0.42362,0.003068,0.001534,0.31,0.4
9.15,0.33597,0.42218,0.33551,0.42356,0.004602,0.001534,0.31,0.4
9.16,0.33591,0.42218,0.33545,0.42356,0.004602,0.001534,0.31,0.4
9.17,0.33585,0.42218,0.33539,0.42356,0.004602,0.001534,0.31,0.4
9.18,0.33539,0.42218,0.33539,0.42356,0.004602,0,0.31,0.4
9.19,0.33539,0.42218,0.33539,0.42356,0.004602,0,0.31,0.4
9.2,0.33534,0.42212,0.33534,0.4235,0.004602,0,0.31,0.4
9.21,0.33482,0.42206,0.33528,0.42344,0.004602,-0.001534,0.31,0.4
9.22,0.33476,0.422,0.33522,0.42339,0.004602,-0.001534,0.31,0.4
9.23,0.3343,0.42195,0.33522,0.42333,0.004602,-0.003068,0.31,0.4
9.24,0.33378,0.42195,0.33516,0.42333,0.004602,-0.004602,0.31,0.4
9.25,0.33378,0.42189,0.33516,0.42327,0.004602,-0.004602,0.31,0.4
9.26,0.33378,0.42183,0.33516,0.42321,0.004602,-0.004602,0.31,0.4
9.27,0.33424,0.42223,0.33516,0.42315,0.003068,-0.003068,0.31,0.4
9.28,0.33418,0.42212,0.3351,0.42304,0.003068,-0.003068,0.31,0.4
9.29,0.33418,0.42206,0.3351,0.42298,0.003068,-0.003068,0.31,0.4
9.3,0.33412,0.42206,0.33504,0.42298,0.003068,-0.003068,0.31,0.4
9.31,0.33407,0.42148,0.33499,0.42286,0.004602,-0.003068,0.31,0.4
9.32,0.33447,0.42142,0.33493,0.4228,0.004602,-0.001534,0.31,0.4
9.33,0.33487,0.42131,0.33487,0.42269,0.004602,0,0.31,0.4
9.34,0.33481,0.42125,0.33481,0.42263,0.004602,0,0.31,0.4
9.35,0.33435,0.42119,0.33481,0.42257,0.004602,-0.001534,0.31,0.4
9.36,0.33435,0.42113,0.33481,0.42251,0.004602,-0.001534,0.31,0.4
9.37,0.33435,0.42107,0.33481,0.42245,0.004602,-0.001534,0.31,0.4
9.38,0.33383,0.42107,0.33475,0.42245,0.004602,-0.003068,0.31,0.4
9.39,0.33383,0.42102,0.33475,0.4224,0.004602,-0.003068,0.31,0.4
9.4,0.33377,0.42102,0.3347,0.4224,0.004602,-0.003068,0.31,0.4
9.41,0.33377,0.42096,0.3347,0.42234,0.004602,-0.003068,0.31,0.4
9.42,0.33372,0.4209,0.33464,0.42228,0.004602,-0.003068,0.31,0.4
9.43,0.33366,0.42078,0.33458,0.42216,0.004602,-0.003068,0.31,0.4
9.44,0.33366,0.42073,0.33458,0.42211,0.004602,-0.003068,0.31,0.4
9.45,0.3332,0.42067,0.33458,0.42205,0.004602,-0.004602,0.31,0.4
9.46,0.33366,0.42055,0.33458,0.42193,0.004602,-0.003068,0.31,0.4
9.47,0.33412,0.42043,0.33458,0.42181,0.004602,-0.001534,0.31,0.4
9.48,0.33412,0.42043,0.33458,0.42181,0.004602,-0.001534,0.31,0.4
9.49,0.33412,0.42038,0.33458,0.42176,0.004602,-0.001534,0.31,0.4
9.5,0.33452,0.42078,0.33452,0.4217,0.003068,0,0.31,0.4
9.51,0.33498,0.42072,0.33452,0.42164,0.003068,0.001534,0.31,0.4
9.52,0.33498,0.4206,0.33452,0.42152,0.003068,0.001534,0.31,0.4
9.53,0.33446,0.42055,0.33446,0.42147,0.003068,0,0.31,0.4
9.54,0.33394,0.42055,0.3344,0.42147,0.003068,-0.001534,0.31,0.4
9.55,0.33389,0.42055,0.33435,0.42147,0.003068,-0.001534,0.31,0.4
9.56,0.33383,0.42043,0.33429,0.42135,0.003068,-0.001534,0.31,0.4
9.57,0.33423,0.42037,0.33423,0.42129,0.003068,0,0.31,0.4
9.58,0.33423,0.42031,0.33423,0.42123,0.003068,0,0.31,0.4
9.59,0.33371,0.42031,0.33417,0.42123,0.003068,-0.001534,0.31,0.4
9.6,0.33371,0.41985,0.33417,0.42123,0.004602,-0.001534,0.31,0.4
9.61,0.33365,0.41979,0.33411,0.42118,0.004602,-0.001534,0.31,0.4
9.62,0.3336,0.41979,0.33406,0.42118,0.004602,-0.001534,0.31,0.4
9.63,0.33354,0.41979,0.334,0.42118,0.004602,-0.001534,0.31,0.4
9.64,0.33394,0.41979,0.33394,0.42118,0.004602,0,0.31,0.4
9.65,0.33388,0.41974,0.33388,0.42112,0.004602,0,0.31,0.4
9.66,0.33434,0.41962,0.33388,0.421,0.004602,0.001534,0.31,0.4
9.67,0.33434,0.41956,0.33388,0.42094,0.004602,0.001534,0.31,0.4
9.68,0.33428,0.4195,0.33382,0.42088,0.004602,0.001534,0.31,0.4
9.69,0.33423,0.4195,0.33376,0.42088,0.004602,0.001534,0.31,0.4
9.7,0.33417,0.41945,0.33371,0.42083,0.004602,0.001534,0.31,0.4
9.71,0.33457,0.41939,0.33365,0.42077,0.004602,0.003068,0.31,0.4
9.72,0.33451,0.41927,0.33359,0.42065,0.004602,0.003068,0.31,0.4
9.73,0.33451,0.41927,0.33359,0.42065,0.004602,0.003068,0.31,0.4
9.74,0.33399,0.41927,0.33353,0.42065,0.004602,0.001534,0.31,0.4
9.75,0.33342,0.41927,0.33342,0.42065,0.004602,0,0.31,0.4
9.76,0.33336,0.41927,0.33336,0.42065,0.004602,0,0.31,0.4
9.77,0.3333,0.41927,0.3333,0.42065,0.004602,0,0.31,0.4
9.78,0.33324,0.41927,0.33324,0.42065,0.004602,0,0.31,0.4
9.79,0.33324,0.41927,0.33324,0.42065,0.004602,0,0.31,0.4
9.8,0.33318,0.41927,0.33318,0.42065,0.004602,0,0.31,0.4
9.81,0.33313,0.41921,0.33313,0.42059,0.004602,0,0.31,0.4
9.82,0.33353,0.41875,0.33307,0.42059,0.006136,0.001534,0.31,0.4
9.83,0.33347,0.41875,0.33301,0.42059,0.006136,0.001534,0.31,0.4
9.84,0.33393,0.41869,0.33301,0.42054,0.006136,0.003068,0.31,0.4
9.85,0.33393,0.41864,0.33301,0.42048,0.006136,0.003068,0.31,0.4
9.86,0.33387,0.41858,0.33295,0.42042,0.006136,0.003068,0.31,0.4
9.87,0.33387,0.41852,0.33295,0.42036,0.006136,0.003068,0.31,0.4
9.88,0.33381,0.41852,0.33289,0.42036,0.006136,0.003068,0.31,0.4
9.89,0.33375,0.41852,0.33283,0.42036,0.006136,0.003068,0.31,0.4
9.9,0.3337,0.41852,0.33278,0.42036,0.006136,0.003068,0.31,0.4
9.91,0.33364,0.41852,0.33272,0.42036,0.006136,0.003068,0.31,0.4
9.92,0.33358,0.41898,0.33266,0.42036,0.004602,0.003068,0.31,0.4
9.93,0.33312,0.41892,0.33266,0.4203,0.004602,0.001534,0.31,0.4
9.94,0.33312,0.41886,0.33266,0.42024,0.004602,0.001534,0.31,0.4
9.95,0.33306,0.41881,0.3326,0.42019,0.004602,0.001534,0.31,0.4
9.96,0.333,0.41875,0.33254,0.42013,0.004602,0.001534,0.31,0.4
9.97,0.33295,0.41869,0.33249,0.42007,0.004602,0.001534,0.31,0.4
9.98,0.33289,0.41869,0.33243,0.42007,0.004602,0.001534,0.31,0.4
9.99,0.33283,0.41823,0.33237,0.42007,0.006136,0.001534,0.31,0.4
10,0.33277,0.41817,0.33231,0.42001,0.006136,0.001534,0.31,0.4
10.01,0.33323,0.41817,0.33231,0.42001,0.006136,0.003068,0.31,0.4
10.02,0.33317,0.41817,0.33225,0.42001,0.006136,0.003068,0.31,0.4
10.03,0.33311,0.41817,0.33219,0.42001,0.006136,0.003068,0.31,0.4
10.04,0.33306,0.41817,0.33214,0.42001,0.006136,0.003068,0.31,0.4
10.05,0.33306,0.41817,0.33214,0.42001,0.006136,0.003068,0.31,0.4
10.06,0.333,0.41817,0.33208,0.42001,0.006136,0.003068,0.31,0.4
10.07,0.333,0.41817,0.33208,0.42001,0.006136,0.003068,0.31,0.4
10.08,0.333,0.41817,0.33208,0.42001,0.006136,0.003068,0.31,0.4
10.09,0.33294,0.41863,0.33202,0.42001,0.004602,0.003068,0.31,0.4
10.1,0.33248,0.41857,0.33202,0.41995,0.004602,0.001534,0.31,0.4
10.11,0.33236,0.41852,0.3319,0.4199,0.004602,0.001534,0.31,0.4
10.12,0.33231,0.41846,0.33185,0.41984,0.004602,0.001534,0.31,0.4
10.13,0.33225,0.4184,0.33179,0.41978,0.004602,0.001534,0.31,0.4
10.14,0.33225,0.4188,0.33179,0.41972,0.003068,0.001534,0.31,0.4
10.15,0.33219,0.4188,0.33173,0.41972,0.003068,0.001534,0.31,0.4
10.16,0.33219,0.4188,0.33173,0.41972,0.003068,0.001534,0.31,0.4
10.17,0.33213,0.41828,0.33167,0.41966,0.004602,0.001534,0.31,0.4
10.18,0.33253,0.41822,0.33161,0.41961,0.004602,0.003068,0.31,0.4
10.19,0.33248,0.41817,0.33155,0.41955,0.004602,0.003068,0.31,0.4
10.2,0.33242,0.41811,0.3315,0.41949,0.004602,0.003068,0.31,0.4
10.21,0.33242,0.41811,0.3315,0.41949,0.004602,0.003068,0.31,0.4
10.22,0.3319,0.41805,0.33144,0.41943,0.004602,0.001534,0.31,0.4
10.23,0.3319,0.41805,0.33144,0.41943,0.004602,0.001534,0.31,0.4
10.24,0.33184,0.41805,0.33138,0.41943,0.004602,0.001534,0.31,0.4
10.25,0.33178,0.41805,0.33132,0.41943,0.004602,0.001534,0.31,0.4
10.26,0.33167,0.41805,0.33121,0.41943,0.004602,0.001534,0.31,0.4
10.27,0.33161,0.41805,0.33115,0.41943,0.004602,0.001534,0.31,0.4
10.28,0.33161,0.41805,0.33115,0.41943,0.004602,0.001534,0.31,0.4
10.29,0.33155,0.41851,0.33109,0.41943,0.003068,0.001534,0.31,0.4
10.3,0.33149,0.41851,0.33103,0.41943,0.003068,0.001534,0.31,0.4
10.31,0.33143,0.41851,0.33097,0.41943,0.003068,0.001534,0.31,0.4
10.32,0.33138,0.41845,0.33092,0.41937,0.003068,0.001534,0.31,0.4
10.33,0.33132,0.41834,0.33086,0.41926,0.003068,0.001534,0.31,0.4
10.34,0.33126,0.41828,0.3308,0.4192,0.003068,0.001534,0.31,0.4
10.35,0.33126,0.41822,0.3308,0.41914,0.003068,0.001534,0.31,0.4
10.36,0.3312,0.41816,0.33074,0.41908,0.003068,0.001534,0.31,0.4
10.37,0.33114,0.4177,0.33068,0.41908,0.004602,0.001534,0.31,0.4
10.38,0.33108,0.41764,0.33062,0.41902,0.004602,0.001534,0.31,0.4
10.39,0.33149,0.41758,0.33057,0.41897,0.004602,0.003068,0.31,0.4
10.4,0.33143,0.41753,0.33051,0.41891,0.004602,0.003068,0.31,0.4
10.41,0.33091,0.41747,0.33045,0.41885,0.004602,0.001534,0.31,0.4
10.42,0.33091,0.41747,0.33045,0.41885,0.004602,0.001534,0.31,0.4
10.43,0.33039,0.41747,0.33039,0.41885,0.004602,0,0.31,0.4
10.44,0.33028,0.41747,0.33028,0.41885,0.004602,0,0.31,0.4
10.45,0.33028,0.41747,0.33028,0.41885,0.004602,0,0.31,0.4
10.46,0.33022,0.41747,0.33022,0.41885,0.004602,0,0.31,0.4
10.47,0.33022,0.41793,0.33022,0.41885,0.003068,0,0.31,0.4
10.48,0.33016,0.41793,0.33016,0.41885,0.003068,0,0.31,0.4
10.49,0.3301,0.41793,0.3301,0.41885,0.003068,0,0.31,0.4
10.5,0.33004,0.41787,0.33004,0.41879,0.003068,0,0.31,0.4
10.51,0.32998,0.41787,0.32998,0.41879,0.003068,0,0.31,0.4
10.52,0.32993,0.41787,0.32993,0.41879,0.003068,0,0.19,0.4
10.53,0.33039,0.41781,0.32993,0.41873,0.003068,0.001534,0.19,0.4
10.54,0.33033,0.4177,0.32987,0.41862,0.003068,0.001534,0.19,0.4
10.55,0.32911,0.41718,0.32865,0.41856,0.004602,0.001534,0.19,0.4
10.56,0.32666,0.41614,0.3262,0.41844,0.00767,0.001534,0.19,0.4
10.57,0.32416,0.41562,0.3237,0.41838,0.009204,0.001534,0.19,0.4
10.58,0.32166,0.41464,0.3212,0.41833,0.012272,0.001534,0.19,0.4
10.59,0.31934,0.41413,0.31888,0.41827,0.013806,0.001534,0.19,0.4
10.6,0.31747,0.41355,0.31655,0.41815,0.01534,0.003068,0.19,0.4
10.61,0.31526,0.41355,0.31434,0.41815,0.01534,0.003068,0.19,0.4
10.62,0.31271,0.41349,0.31225,0.41809,0.01534,0.001534,0.19,0.4
10.63,0.31021,0.41303,0.31021,0.41809,0.016874,0,0.19,0.4
10.64,0.30829,0.41303,0.30829,0.41809,0.016874,0,0.19,0.4
10.65,0.30643,0.41297,0.30643,0.41803,0.016874,0,0.19,0.4
10.66,0.30463,0.41286,0.30463,0.41792,0.016874,0,0.19,0.4
10.67,0.3034,0.41234,0.30294,0.41786,0.018408,0.001534,0.19,0.4
10.68,0.30177,0.41228,0.30131,0.4178,0.018408,0.001534,0.19,0.4
10.69,0.30026,0.41216,0.2998,0.41769,0.018408,0.001534,0.19,0.4
10.7,0.29881,0.41159,0.29835,0.41757,0.019942,0.001534,0.19,0.4
10.71,0.29747,0.41107,0.29701,0.41751,0.021476,0.001534,0.19,0.4
10.72,0.29619,0.41061,0.29573,0.41751,0.02301,0.001534,0.19,0.4
10.73,0.29503,0.40963,0.29457,0.41745,0.026078,0.001534,0.19,0.4
10.74,0.29438,0.40917,0.29346,0.41745,0.027612,0.003068,0.19,0.4
10.75,0.29379,0.40865,0.29241,0.4174,0.029146,0.004602,0.19,0.4
10.76,0.29275,0.40767,0.29137,0.41734,0.032214,0.004602,0.19,0.4
10.77,0.2917,0.40721,0.29032,0.41734,0.033748,0.004602,0.19,0.4
10.78,0.29054,0.40624,0.28916,0.41728,0.036816,0.004602,0.19,0.4
10.79,0.28891,0.40578,0.288,0.41728,0.03835,0.003068,0.19,0.4
10.8,0.28769,0.40532,0.28677,0.41728,0.039884,0.003068,0.19,0.4
10.81,0.28653,0.40486,0.28561,0.41728,0.041418,0.003068,0.19,0.4
10.82,0.28537,0.40434,0.28445,0.41722,0.042952,0.003068,0.19,0.4
10.83,0.28426,0.40428,0.28334,0.41716,0.042952,0.003068,0.19,0.4
10.84,0.2831,0.40376,0.28218,0.4171,0.044486,0.003068,0.19,0.4
10.85,0.28194,0.4037,0.28102,0.41705,0.044486,0.003068,0.19,0.4
10.86,0.28083,0.40319,0.27991,0.41699,0.04602,0.003068,0.19,0.4
10.87,0.27927,0.40319,0.27881,0.41699,0.04602,0.001534,0.19,0.4
10.88,0.27822,0.40273,0.27776,0.41699,0.047554,0.001534,0.19,0.4
10.89,0.27711,0.40273,0.27665,0.41699,0.047554,0.001534,0.19,0.4
10.9,0.27607,0.40227,0.27561,0.41699,0.049088,0.001534,0.19,0.4
10.91,0.27508,0.40227,0.27462,0.41699,0.049088,0.001534,0.19,0.4
10.92,0.27415,0.40181,0.27369,0.41699,0.050622,0.001534,0.19,0.4
10.93,0.27316,0.40181,0.2727,0.41699,0.050622,0.001534,0.19,0.4
10.94,0.27217,0.40181,0.27171,0.41699,0.050622,0.001534,0.19,0.4
10.95,0.27124,0.40135,0.27078,0.41699,0.052156,0.001534,0.19,0.4
10.96,0.27037,0.40135,0.26991,0.41699,0.052156,0.001534,0.19,0.4
10.97,0.2695,0.40129,0.26904,0.41693,0.052156,0.001534,0.19,0.4
10.98,0.26908,0.40123,0.26816,0.41687,0.052156,0.003068,0.19,0.4
10.99,0.26867,0.40158,0.26729,0.41676,0.050622,0.004602,0.19,0.4
11,0.26786,0.40198,0.26648,0.4167,0.049088,0.004602,0.19,0.4
11.01,0.26658,0.40244,0.26566,0.4167,0.047554,0.003068,0.19,0.4
11.02,0.26577,0.4029,0.26485,0.4167,0.04602,0.003068,0.19,0.4
11.03,0.26449,0.40376,0.26403,0.41664,0.042952,0.001534,0.19,0.4
11.04,0.26374,0.40422,0.26328,0.41664,0.041418,0.001534,0.19,0.4
11.05,0.26298,0.40468,0.26252,0.41664,0.039884,0.001534,0.19,0.4
11.06,0.26223,0.40502,0.26177,0.41652,0.03835,0.001534,0.19,0.4
11.07,0.26187,0.40542,0.26095,0.41646,0.036816,0.003068,0.19,0.4
11.08,0.26112,0.40536,0.2602,0.41641,0.036816,0.003068,0.19,0.4
11.09,0.2603,0.40582,0.25938,0.41641,0.035282,0.003068,0.19,0.4
11.1,0.25903,0.40628,0.25857,0.41641,0.033748,0.001534,0.19,0.4
11.11,0.25827,0.40628,0.25781,0.41641,0.033748,0.001534,0.19,0.4
11.12,0.25752,0.40674,0.25706,0.41641,0.032214,0.001534,0.19,0.4
11.13,0.2567,0.4072,0.25624,0.41641,0.03068,0.001534,0.19,0.4
11.14,0.25595,0.40807,0.25549,0.41635,0.027612,0.001534,0.19,0.4
11.15,0.25519,0.40899,0.25473,0.41635,0.024544,0.001534,0.19,0.4
11.16,0.25443,0.40991,0.25397,0.41635,0.021476,0.001534,0.19,0.4
11.17,0.25368,0.41129,0.25322,0.41635,0.016874,0.001534,0.19,0.4
11.18,0.25292,0.41267,0.25246,0.41635,0.012272,0.001534,0.19,0.4
11.19,0.25217,0.41399,0.2517,0.41629,0.00767,0.001534,0.19,0.4
11.2,0.25141,0.41531,0.25095,0.41623,0.003068,0.001534,0.19,0.4
11.21,0.25065,0.41663,0.25019,0.41617,-0.001534,0.001534,0.19,0.4
11.22,0.24938,0.4175,0.24938,0.41612,-0.004602,0,0.19,0.4
11.23,0.2481,0.41882,0.24856,0.41606,-0.009204,-0.001534,0.19,0.4
11.24,0.24729,0.41974,0.24775,0.41606,-0.012272,-0.001534,0.19,0.4
11.25,0.24642,0.4206,0.24688,0.416,-0.01534,-0.001534,0.19,0.4
11.26,0.24601,0.421,0.24601,0.41594,-0.016874,0,0.19,0.4
11.27,0.24507,0.42141,0.24507,0.41588,-0.018408,0,0.19,0.4
11.28,0.2442,0.42181,0.2442,0.41582,-0.019942,0,0.19,0.4
11.29,0.24287,0.42227,0.24333,0.41582,-0.021476,-0.001534,0.19,0.4
11.3,0.24194,0.42267,0.2424,0.41577,-0.02301,-0.001534,0.19,0.4
11.31,0.24147,0.42359,0.24147,0.41577,-0.026078,0,0.19,0.4
11.32,0.24048,0.42405,0.24048,0.41577,-0.027612,0,0.19,0.4
11.33,0.24001,0.42497,0.23955,0.41577,-0.03068,0.001534,0.19,0.4
11.34,0.23856,0.42543,0.23856,0.41577,-0.032214,0,0.19,0.4
11.35,0.23763,0.42629,0.23763,0.41571,-0.035282,0,0.19,0.4
11.36,0.2367,0.42675,0.2367,0.41571,-0.036816,0,0.19,0.4
11.37,0.23623,0.42715,0.23577,0.41565,-0.03835,0.001534,0.19,0.4
11.38,0.23524,0.42755,0.23478,0.41559,-0.039884,0.001534,0.19,0.4
11.39,0.23431,0.42796,0.23385,0.41553,-0.041418,0.001534,0.19,0.4
11.4,0.23332,0.42842,0.23286,0.41553,-0.042952,0.001534,0.19,0.4
11.41,0.23187,0.42882,0.23187,0.41548,-0.044486,0,0.19,0.4
11.42,0.2314,0.42882,0.23094,0.41548,-0.044486,0.001534,0.19,0.4
11.43,0.23041,0.42882,0.22995,0.41548,-0.044486,0.001534,0.19,0.4
11.44,0.22943,0.42876,0.22897,0.41542,-0.044486,0.001534,0.19,0.4
11.45,0.22803,0.4283,0.22803,0.41542,-0.042952,0,0.19,0.4
11.46,0.22705,0.42824,0.22705,0.41536,-0.042952,0,0.19,0.4
11.47,0.22606,0.42818,0.22606,0.4153,-0.042952,0,0.19,0.4
11.48,0.22553,0.42812,0.22507,0.41524,-0.042952,0.001534,0.19,0.4
11.49,0.2246,0.42807,0.22414,0.41519,-0.042952,0.001534,0.19,0.4
11.5,0.22321,0.42853,0.22321,0.41519,-0.044486,0,0.19,0.4
11.51,0.22228,0.42853,0.22228,0.41519,-0.044486,0,0.19,0.4
11.52,0.22181,0.42853,0.22135,0.41519,-0.044486,0.001534,0.19,0.4
11.53,0.22088,0.42853,0.22042,0.41519,-0.044486,0.001534,0.19,0.4
11.54,0.22,0.42853,0.21954,0.41519,-0.044486,0.001534,0.19,0.4
11.55,0.21913,0.42853,0.21867,0.41519,-0.044486,0.001534,0.19,0.4
11.56,0.21826,0.42853,0.2178,0.41519,-0.044486,0.001534,0.19,0.4
11.57,0.21739,0.42853,0.21693,0.41519,-0.044486,0.001534,0.19,0.4
11.58,0.21651,0.42853,0.21605,0.41519,-0.044486,0.001534,0.19,0.4
11.59,0.21564,0.42807,0.21518,0.41519,-0.042952,0.001534,0.19,0.4
11.6,0.21483,0.42761,0.21437,0.41519,-0.041418,0.001534,0.19,0.4
11.61,0.21401,0.42715,0.21355,0.41519,-0.039884,0.001534,0.19,0.4
11.62,0.2132,0.42617,0.21274,0.41513,-0.036816,0.001534,0.19,0.4
11.63,0.21244,0.42565,0.21198,0.41507,-0.035282,0.001534,0.19,0.4
11.64,0.21117,0.42513,0.21117,0.41501,-0.033748,0,0.19,0.4
11.65,0.21041,0.42461,0.21041,0.41495,-0.032214,0,0.19,0.4
11.66,0.20966,0.42456,0.20966,0.41489,-0.032214,0,0.19,0.4
11.67,0.20896,0.4241,0.20896,0.41489,-0.03068,0,0.19,0.4
11.68,0.20826,0.42358,0.20826,0.41484,-0.029146,0,0.19,0.4
11.69,0.20802,0.42352,0.20756,0.41478,-0.029146,0.001534,0.19,0.4
11.7,0.20738,0.423,0.20692,0.41472,-0.027612,0.001534,0.19,0.4
11.71,0.20674,0.42289,0.20628,0.4146,-0.027612,0.001534,0.19,0.4
11.72,0.20605,0.42237,0.20559,0.41455,-0.026078,0.001534,0.19,0.4
11.73,0.205,0.42237,0.205,0.41455,-0.026078,0,0.19,0.4
11.74,0.20436,0.42191,0.20436,0.41455,-0.024544,0,0.19,0.4
11.75,0.20424,0.42145,0.20378,0.41455,-0.02301,0.001534,0.19,0.4
11.76,0.20366,0.42093,0.2032,0.41449,-0.021476,0.001534,0.19,0.4
11.77,0.20308,0.42047,0.20262,0.41449,-0.019942,0.001534,0.19,0.4
11.78,0.20256,0.41955,0.2021,0.41449,-0.016874,0.001534,0.19,0.4
11.79,0.20203,0.41909,0.20157,0.41449,-0.01534,0.001534,0.15,0.44
11.8,0.20151,0.41759,0.20105,0.41437,-0.010738,0.001534,0.15,0.44
11.81,0.20099,0.41713,0.20053,0.41437,-0.009204,0.001534,0.15,0.44
11.82,0.19989,0.41575,0.19989,0.41437,-0.004602,0,0.15,0.44
11.83,0.19901,0.41483,0.19901,0.41437,-0.001534,0,0.15,0.44
11.84,0.19808,0.41391,0.19808,0.41437,0.001534,0,0.15,0.44
11.85,0.1971,0.41265,0.1971,0.41449,0.006136,0,0.15,0.44
11.86,0.19553,0.41196,0.19599,0.41472,0.009204,-0.001534,0.15,0.44
11.87,0.19362,0.41127,0.195,0.41495,0.012272,-0.004602,0.15,0.44
11.88,0.19223,0.4107,0.19407,0.4153,0.01534,-0.006136,0.15,0.44
11.89,0.1913,0.41013,0.19314,0.41565,0.018408,-0.006136,0.15,0.44
11.9,0.19037,0.41002,0.19221,0.416,0.019942,-0.006136,0.15,0.44
11.91,0.1899,0.40939,0.19128,0.41629,0.02301,-0.004602,0.15,0.44
11.92,0.18949,0.40916,0.19041,0.41652,0.024544,-0.003068,0.15,0.44
11.93,0.18867,0.40899,0.18959,0.41681,0.026078,-0.003068,0.15,0.44
11.94,0.18786,0.40876,0.18878,0.41705,0.027612,-0.003068,0.15,0.44
11.95,0.18612,0.40905,0.18796,0.41734,0.027612,-0.006136,0.15,0.44
11.96,0.18491,0.40894,0.18721,0.41769,0.029146,-0.00767,0.15,0.44
11.97,0.18375,0.40872,0.18651,0.41792,0.03068,-0.009204,0.15,0.44
11.98,0.18305,0.40797,0.18581,0.41809,0.033748,-0.009204,0.15,0.44
11.99,0.18282,0.40763,0.18511,0.41821,0.035282,-0.00767,0.15,0.44
12,0.18258,0.40728,0.18442,0.41833,0.036816,-0.006136,0.15,0.44
12.01,0.18194,0.40688,0.18378,0.41838,0.03835,-0.006136,0.15,0.44
12.02,0.18136,0.40654,0.1832,0.4185,0.039884,-0.006136,0.15,0.44
12.03,0.18031,0.40665,0.18261,0.41862,0.039884,-0.00767,0.15,0.44
12.04,0.17927,0.40631,0.18203,0.41873,0.041418,-0.009204,0.15,0.44
12.05,0.17829,0.40649,0.18151,0.41891,0.041418,-0.010738,0.15,0.44
12.06,0.17777,0.4062,0.18099,0.41908,0.042952,-0.010738,0.15,0.44
12.07,0.17724,0.40637,0.18046,0.41926,0.042952,-0.010738,0.15,0.44
12.08,0.17672,0.40661,0.17994,0.41949,0.042952,-0.010738,0.15,0.44
12.09,0.17631,0.40724,0.17953,0.41966,0.041418,-0.010738,0.15,0.44
12.1,0.17631,0.40788,0.17907,0.41984,0.039884,-0.009204,0.15,0.44
12.11,0.17584,0.40799,0.1786,0.41995,0.039884,-0.009204,0.15,0.44
12.12,0.17584,0.40857,0.17814,0.42007,0.03835,-0.00767,0.15,0.44
12.13,0.17543,0.40909,0.17773,0.42013,0.036816,-0.00767,0.15,0.44
12.14,0.17502,0.4092,0.17732,0.42024,0.036816,-0.00767,0.15,0.44
12.15,0.17456,0.40972,0.17686,0.4203,0.035282,-0.00767,0.15,0.44
12.16,0.17415,0.40984,0.17645,0.42042,0.035282,-0.00767,0.15,0.44
12.17,0.17374,0.40989,0.17604,0.42048,0.035282,-0.00767,0.15,0.44
12.18,0.17339,0.40995,0.17569,0.42054,0.035282,-0.00767,0.15,0.44
12.19,0.17299,0.41053,0.17529,0.42065,0.033748,-0.00767,0.15,0.44
12.2,0.17252,0.41065,0.17482,0.42077,0.033748,-0.00767,0.15,0.44
12.21,0.17165,0.41128,0.17441,0.42094,0.032214,-0.009204,0.15,0.44
12.22,0.17125,0.41145,0.17401,0.42112,0.032214,-0.009204,0.15,0.44
12.23,0.17084,0.41209,0.1736,0.42129,0.03068,-0.009204,0.15,0.44
12.24,0.17089,0.41272,0.17319,0.42147,0.029146,-0.00767,0.15,0.44
12.25,0.17095,0.4133,0.17279,0.42158,0.027612,-0.006136,0.15,0.44
12.26,0.17106,0.41434,0.17244,0.4217,0.024544,-0.004602,0.15,0.44
12.27,0.17111,0.41491,0.17203,0.42181,0.02301,-0.003068,0.15,0.44
12.28,0.1707,0.41589,0.17162,0.42187,0.019942,-0.003068,0.15,0.44
12.29,0.17029,0.41693,0.17122,0.42199,0.016874,-0.003068,0.15,0.44
12.3,0.17035,0.4175,0.17081,0.42211,0.01534,-0.001534,0.15,0.44
12.31,0.16994,0.41848,0.1704,0.42216,0.012272,-0.001534,0.15,0.44
12.32,0.16999,0.41906,0.16999,0.42228,0.010738,0,0.15,0.44
12.33,0.16953,0.41964,0.16953,0.4224,0.009204,0,0.15,0.44
12.34,0.16912,0.42067,0.16912,0.42251,0.006136,0,0.15,0.44
12.35,0.16866,0.42177,0.16866,0.42269,0.003068,0,0.15,0.44
12.36,0.16819,0.4224,0.16819,0.42286,0.001534,0,0.15,0.44
12.37,0.16773,0.42309,0.16773,0.42309,0,0,0.15,0.44
12.38,0.1672,0.42419,0.1672,0.42327,-0.003068,0,0.15,0.44
12.39,0.16668,0.42488,0.16668,0.4235,-0.004602,0,0.15,0.44
12.4,0.16662,0.42552,0.16616,0.42368,-0.006136,0.001534,0.15,0.44
12.41,0.16615,0.42615,0.16569,0.42385,-0.00767,0.001534,0.15,0.44
12.42,0.16609,0.42673,0.16517,0.42397,-0.009204,0.003068,0.15,0.44
12.43,0.16597,0.42736,0.16459,0.42414,-0.010738,0.004602,0.15,0.44
12.44,0.1659,0.4284,0.16406,0.42426,-0.013806,0.006136,0.15,0.44
12.45,0.16584,0.42944,0.16354,0.42437,-0.016874,0.00767,0.15,0.44
12.46,0.16578,0.43053,0.16301,0.42455,-0.019942,0.009204,0.15,0.44
12.47,0.16571,0.43111,0.16249,0.42466,-0.021476,0.010738,0.15,0.44
12.48,0.16519,0.43174,0.16197,0.42484,-0.02301,0.010738,0.15,0.44
12.49,0.16461,0.43238,0.16139,0.42501,-0.024544,0.010738,0.15,0.44
12.5,0.16403,0.43301,0.1608,0.42519,-0.026078,0.010738,0.15,0.44
12.51,0.16344,0.43324,0.16022,0.42542,-0.026078,0.010738,0.15,0.44
12.52,0.1628,0.43348,0.15958,0.42565,-0.026078,0.010738,0.15,0.44
12.53,0.16222,0.43377,0.159,0.42594,-0.026078,0.010738,0.15,0.44
12.54,0.16118,0.434,0.15842,0.42618,-0.026078,0.009204,0.15,0.44
12.55,0.16054,0.43469,0.15778,0.42641,-0.027612,0.009204,0.15,0.44
12.56,0.1595,0.43487,0.1572,0.42658,-0.027612,0.00767,0.15,0.44
12.57,0.15892,0.43556,0.15662,0.42682,-0.029146,0.00767,0.15,0.44
